-- MySQL dump 10.13  Distrib 5.7.36, for Linux (x86_64)
--
-- Host: localhost    Database: database_name
-- ------------------------------------------------------
-- Server version	5.7.36

/*!40101 SET @OLD_CHARACTER_SET_CLIENT=@@CHARACTER_SET_CLIENT */;
/*!40101 SET @OLD_CHARACTER_SET_RESULTS=@@CHARACTER_SET_RESULTS */;
/*!40101 SET @OLD_COLLATION_CONNECTION=@@COLLATION_CONNECTION */;
/*!40101 SET NAMES utf8 */;
/*!40103 SET @OLD_TIME_ZONE=@@TIME_ZONE */;
/*!40103 SET TIME_ZONE='+00:00' */;
/*!40014 SET @OLD_UNIQUE_CHECKS=@@UNIQUE_CHECKS, UNIQUE_CHECKS=0 */;
/*!40014 SET @OLD_FOREIGN_KEY_CHECKS=@@FOREIGN_KEY_CHECKS, FOREIGN_KEY_CHECKS=0 */;
/*!40101 SET @OLD_SQL_MODE=@@SQL_MODE, SQL_MODE='NO_AUTO_VALUE_ON_ZERO' */;
/*!40111 SET @OLD_SQL_NOTES=@@SQL_NOTES, SQL_NOTES=0 */;
DROP DATABASE IF EXISTS database_name;
CREATE schema database_name;
use database_name;

--
-- Table structure for table `committee`
--

DROP TABLE IF EXISTS `committee`;
/*!40101 SET @saved_cs_client     = @@character_set_client */;
/*!40101 SET character_set_client = utf8 */;
CREATE TABLE `committee` (
  `comcode` varchar(100) NOT NULL,
  `com_building_code` varchar(25) DEFAULT NULL,
  `com_header_text` text,
  `com_phone` varchar(25) DEFAULT NULL,
  `com_room` varchar(25) DEFAULT NULL,
  `com_zip` varchar(25) DEFAULT NULL,
  `com_zip_suffix` varchar(25) DEFAULT NULL,
  `com_type` varchar(25) DEFAULT NULL,
  `majority` varchar(25) DEFAULT NULL,
  `minority` varchar(25) DEFAULT NULL,
  `committee_fullname` varchar(100) DEFAULT NULL,
  PRIMARY KEY (`comcode`)
) ENGINE=InnoDB DEFAULT CHARSET=latin1;
/*!40101 SET character_set_client = @saved_cs_client */;

--
-- Dumping data for table `committee`
--

LOCK TABLES `committee` WRITE;
/*!40000 ALTER TABLE `committee` DISABLE KEYS */;
INSERT INTO `committee` VALUES ('AG00','LHOB','The chairman and ranking minority member are ex officio members of all subcommittees.','225-2171','1301','20515','6001','standing','27','24','Committee on Agriculture'),('AP00','C','The chair and ranking minority member are authorized to sit as members of all subcommittees.','225-2771','H307','20515','6015','standing','33','26','Committee on Appropriations'),('AS00','RHOB',NULL,'225-4151','2216','20515','6035','standing','31','28','Committee on Armed Services'),('BA00','RHOB',NULL,'225-4247','2129','20515','6050','standing','30','24','Committee on Financial Services'),('BU00','CHOB',NULL,'226-7200','204E','20515','6065','standing','21','16','Committee on the Budget'),('CN00','FHOB','','225-1106','359','20515','0','select','9','7','Select Committee on the Climate Crisis'),('EC00','DSOB','','224-5171','SD-G01','20510','6432','joint','0','0','Joint Economic Committee'),('ED00','RHOB','The chairman and the ranking minority member are ex officio, non-voting members of all subcommittees to which they are not assigned.','225-3725','2176','20515','6100','standing','29','24','Committee on Education and Labor'),('EF00','OHOB','','225-5990','3470','20024','0','select','8','6','Select Committee on Economic Disparity and Fairness in Growth'),('FA00','RHOB','The chairman and ranking minority member may attend the meetings and participate in the activities of all subcommittees except for voting and being counted for a quorum.','225-5021','2170','20515','6128','standing','27','24','Committee on Foreign Affairs'),('GO00','RHOB','The chairman and ranking minority member are ex officio members of all subcommittees.','225-5051','2157','20515','6143','standing','25','20','Committee on Oversight and Reform'),('HA00','LHOB',NULL,'225-2061','1309','20515','6157','standing','6','3','Committee on House Administration'),('HM00','FHOB','The chairman and ranking minority member are non-voting ex officio members of all subcommittees on which they do not hold a regular  assignment.','226-2616','176','20515','6480','standing','19','16','Committee on Homeland Security'),('IF00','RHOB','The chairman and ranking minority member are ex officio members, with vote, of all subcommittees.','225-2927','2125','20515','6115','standing','32','26','Committee on Energy and Commerce'),('IG00','C','','225-7690','HVC304','20515','6415','select','13','10','Permanent Select Committee on Intelligence'),('II00','LHOB','The chairman and ranking minority member are non-voting ex officio members of all subcommittees on which they do not hold a regular assignment.','225-6065','1324','20515','6201','standing','26','22','Committee on Natural Resources'),('IJ00','TBD','','225-7800','TBD','20515','0','select','2','7','Select Committee to Investigate the January 6th Attack on the United States Capitol'),('IT00','FHOB','','225-3621','502','20515','6453','joint','0','0','Joint Committee on Taxation'),('JL00','LHOB','','225-2061','1309','20515','6157','joint','0','0','Joint Committee on the Library'),('JP00','RSOB','','224-6352','SR-305','20515','6446','joint','6','4','Joint Committee on Printing'),('JU00','RHOB',NULL,'225-3951','2138','20515','6216','standing','25','19','Committee on the Judiciary'),('MH00','CHOB','','225-1530','164','20515','0','select','6','6','Select Committee on the Modernization of Congress'),('PW00','RHOB','The chairman and ranking minority member are ex officio members, with vote, of all subcommittees.','225-4472','2165','20515','6256','standing','37','32','Committee on Transportation and Infrastructure'),('RU00','C',NULL,'225-9091','H312','20515','6269','standing','9','4','Committee on Rules'),('SM00','RHOB',NULL,'225-4038','2361','20515','6315','standing','15','12','Committee on Small Business'),('SO00','LHOB',NULL,'225-7103','1015','20515','6328','standing','5','5','Committee on Ethics'),('SY00','RHOB','The chairman and ranking minority member are ex officio members of all subcommittees.','225-6375','2321','20515','6301','standing','23','19','Committee on Science, Space, and Technology'),('VC00','RHOB','','225-4400','B234','20515','0','select','7','5','Select Subcommittee on the Coronavirus Crisis'),('VR00','CHOB',NULL,'225-9756','364','20515','6335','standing','17','14','Committee on Veterans\' Affairs'),('WM00','LHOB',NULL,'225-3625','1102','20515','6348','standing','25','18','Committee on Ways and Means');
/*!40000 ALTER TABLE `committee` ENABLE KEYS */;
UNLOCK TABLES;

--
-- Table structure for table `member`
--

DROP TABLE IF EXISTS `member`;
/*!40101 SET @saved_cs_client     = @@character_set_client */;
/*!40101 SET character_set_client = utf8 */;
CREATE TABLE `member` (
  `bioguideID` varchar(100) NOT NULL,
  `namelist` varchar(25) DEFAULT NULL,
  `lastname` varchar(25) DEFAULT NULL,
  `firstname` varchar(25) DEFAULT NULL,
  `middlename` varchar(25) DEFAULT NULL,
  `sort_name` varchar(25) DEFAULT NULL,
  `suffix` varchar(25) DEFAULT NULL,
  `courtesy` varchar(10) DEFAULT NULL,
  `prior_congress` int(11) DEFAULT NULL,
  `official_name` varchar(100) DEFAULT NULL,
  `formal_name` varchar(100) DEFAULT NULL,
  `party` varchar(25) DEFAULT NULL,
  `caucus` varchar(25) DEFAULT NULL,
  `state` varchar(25) DEFAULT NULL,
  `district` varchar(25) DEFAULT NULL,
  `townname` varchar(25) DEFAULT NULL,
  `office_building` varchar(25) DEFAULT NULL,
  `office_room` varchar(25) DEFAULT NULL,
  `office_zip` varchar(25) DEFAULT NULL,
  `office_zip_suffix` varchar(25) DEFAULT NULL,
  `phone` varchar(25) DEFAULT NULL,
  `elected_date` varchar(25) DEFAULT NULL,
  `sworn_date` varchar(25) DEFAULT NULL,
  `statedistrict` varchar(25) DEFAULT NULL,
  `footnote_ref` varchar(25) DEFAULT NULL,
  `footnote` text,
  PRIMARY KEY (`bioguideID`)
) ENGINE=InnoDB DEFAULT CHARSET=latin1;
/*!40101 SET character_set_client = @saved_cs_client */;

--
-- Dumping data for table `member`
--

LOCK TABLES `member` WRITE;
/*!40000 ALTER TABLE `member` DISABLE KEYS */;
INSERT INTO `member` VALUES ('A000055','Aderholt, Robert','Aderholt','Robert','B.','ADERHOLT,ROBERT',NULL,'Mr.',116,'Robert B. Aderholt','Mr. Aderholt','R','R','AL','4th','Haleyville','CHOB','266','20515','0104','(202) 225-4876','20201103','20210103','AL04',NULL,NULL),('A000148','Auchincloss, Jake','Auchincloss','Jake',NULL,'AUCHINCLOSS,JAKE',NULL,'Mr.',0,'Jake Auchincloss','Mr. Auchincloss','D','D','MA','4th','Newton','LHOB','1524','20515','2104','(202) 225-5931','20201103','20210103','MA04',NULL,NULL),('A000369','Amodei, Mark','Amodei','Mark','E.','AMODEI,MARK',NULL,'Mr.',116,'Mark E. Amodei','Mr. Amodei','R','R','NV','2nd','Carson City','CHOB','104','20515','2802','(202) 225-6155','20201103','20210103','NV02',NULL,NULL),('A000370','Adams, Alma','Adams','Alma','S.','ADAMS,ALMA',NULL,'Ms.',116,'Alma S. Adams','Ms. Adams','D','D','NC','12th','Charlotte','RHOB','2436','20515','3312','(202) 225-1510','20201103','20210103','NC12',NULL,NULL),('A000371','Aguilar, Pete','Aguilar','Pete',NULL,'AGUILAR,PETE',NULL,'Mr.',116,'Pete Aguilar','Mr. Aguilar','D','D','CA','31st','Redlands','CHOB','109','20515','0531','(202) 225-3201','20201103','20210103','CA31',NULL,NULL),('A000372','Allen, Rick','Allen','Rick','W.','ALLEN,RICK',NULL,'Mr.',116,'Rick W. Allen','Mr. Allen','R','R','GA','12th','Augusta','CHOB','570','20515','1012','(202) 225-2823','20201103','20210103','GA12',NULL,NULL),('A000375','Arrington, Jodey','Arrington','Jodey','C.','ARRINGTON,JODEY',NULL,'Mr.',116,'Jodey C. Arrington','Mr. Arrington','R','R','TX','19th','Lubbock','LHOB','1107','20515','4319','(202) 225-4005','20201103','20210103','TX19',NULL,NULL),('A000376','Allred, Colin','Allred','Colin','Z.','ALLRED,COLIN',NULL,'Mr.',116,'Colin Z. Allred','Mr. Allred','D','D','TX','32nd','Dallas','CHOB','114','20515','4332','(202) 225-2231','20201103','20210103','TX32',NULL,NULL),('A000377','Armstrong, Kelly','Armstrong','Kelly',NULL,'ARMSTRONG,KELLY',NULL,'Mr.',116,'Kelly Armstrong','Mr. Armstrong','R','R','ND','At Large','Dickinson','LHOB','1740','20515','3400','(202) 225-2611','20201103','20210103','ND00',NULL,NULL),('A000378','Axne, Cynthia','Axne','Cynthia',NULL,'AXNE,CYNTHIA',NULL,'Mrs.',116,'Cynthia Axne','Mrs. Axne','D','D','IA','3rd','West Des Moines','LHOB','1034','20515','1503','(202) 225-5476','20201103','20210103','IA03',NULL,NULL),('B000490','Bishop, Sanford','Bishop','Sanford','D.','BISHOP,SANFORD','Jr.','Mr.',116,'Sanford D. Bishop, Jr.','Mr. Bishop of Georgia','D','D','GA','2nd','Albany','RHOB','2407','20515','1002','(202) 225-3631','20201103','20210103','GA02',NULL,NULL),('B000574','Blumenauer, Earl','Blumenauer','Earl',NULL,'BLUMENAUER,EARL',NULL,'Mr.',116,'Earl Blumenauer','Mr. Blumenauer','D','D','OR','3rd','Portland','LHOB','1111','20515','3703','(202) 225-4811','20201103','20210103','OR03',NULL,NULL),('B000668','Bentz, Cliff','Bentz','Cliff',NULL,'BENTZ,CLIFF',NULL,'Mr.',0,'Cliff Bentz','Mr. Bentz','R','R','OR','2nd','Ontario','LHOB','1239','20515','3702','(202) 225-6730','20201103','20210103','OR02',NULL,NULL),('B000740','Bice, Stephanie','Bice','Stephanie','I.','BICE,STEPHANIE',NULL,'Mrs.',0,'Stephanie I. Bice','Mrs. Bice of Oklahoma','R','R','OK','5th','Oklahoma City','LHOB','1223','20515','3605','(202) 225-2132','20201103','20210103','OK05',NULL,NULL),('B000755','Brady, Kevin','Brady','Kevin',NULL,'BRADY,KEVIN',NULL,'Mr.',116,'Kevin Brady','Mr. Brady','R','R','TX','8th','The Woodlands','LHOB','1011','20515','4308','(202) 225-4901','20201103','20210103','TX08',NULL,NULL),('B000825','Boebert, Lauren','Boebert','Lauren',NULL,'BOEBERT,LAUREN',NULL,'Mrs.',0,'Lauren Boebert','Mrs. Boebert','R','R','CO','3rd','Silt','LHOB','1609','20515','0603','(202) 225-4761','20201103','20210103','CO03',NULL,NULL),('B001223','Bowman, Jamaal','Bowman','Jamaal',NULL,'BOWMAN,JAMAAL',NULL,'Mr.',0,'Jamaal Bowman','Mr. Bowman','D','D','NY','16th','Yonkers','LHOB','1605','20515','3216','(202) 225-2464','20201103','20210103','NY16',NULL,NULL),('B001224','Bush, Cori','Bush','Cori',NULL,'BUSH,CORI',NULL,'Ms.',0,'Cori Bush','Ms. Bush','D','D','MO','1st','St. Louis','CHOB','563','20515','2501','(202) 225-2406','20201103','20210103','MO01',NULL,NULL),('B001248','Burgess, Michael','Burgess','Michael','C.','BURGESS,MICHAEL',NULL,'Mr.',116,'Michael C. Burgess','Mr. Burgess','R','R','TX','26th','Pilot Point','RHOB','2161','20515','4326','(202) 225-7772','20201103','20210103','TX26',NULL,NULL),('B001251','Butterfield, G.','Butterfield','G.','K.','BUTTERFIELD,G.',NULL,'Mr.',116,'G. K. Butterfield','Mr. Butterfield','D','D','NC','1st','Wilson','RHOB','2080','20515','3301','(202) 225-3101','20201103','20210103','NC01',NULL,NULL),('B001257','Bilirakis, Gus','Bilirakis','Gus','M.','BILIRAKIS,GUS',NULL,'Mr.',116,'Gus M. Bilirakis','Mr. Bilirakis','R','R','FL','12th','Palm Harbor','RHOB','2354','20515','0912','(202) 225-5755','20201103','20210103','FL12',NULL,NULL),('B001260','Buchanan, Vern','Buchanan','Vern',NULL,'BUCHANAN,VERN',NULL,'Mr.',116,'Vern Buchanan','Mr. Buchanan','R','R','FL','16th','Sarasota','RHOB','2110','20515','0916','(202) 225-5015','20201103','20210103','FL16',NULL,NULL),('B001270','Bass, Karen','Bass','Karen',NULL,'BASS,KAREN',NULL,'Ms.',116,'Karen Bass','Ms. Bass','D','D','CA','37th','Los Angeles','RHOB','2021','20515','0537','(202) 225-7084','20201103','20210103','CA37',NULL,NULL),('B001274','Brooks, Mo','Brooks','Mo',NULL,'BROOKS,MO',NULL,'Mr.',116,'Mo Brooks','Mr. Brooks','R','R','AL','5th','Huntsville','RHOB','2185','20515','0105','(202) 225-4801','20201103','20210103','AL05',NULL,NULL),('B001275','Bucshon, Larry','Bucshon','Larry',NULL,'BUCSHON,LARRY',NULL,'Mr.',116,'Larry Bucshon','Mr. Bucshon','R','R','IN','8th','Evansville','RHOB','2313','20515','1408','(202) 225-4636','20201103','20210103','IN08',NULL,NULL),('B001278','Bonamici, Suzanne','Bonamici','Suzanne',NULL,'BONAMICI,SUZANNE',NULL,'Ms.',116,'Suzanne Bonamici','Ms. Bonamici','D','D','OR','1st','Washington County','RHOB','2231','20515','3701','(202) 225-0855','20201103','20210103','OR01',NULL,NULL),('B001281','Beatty, Joyce','Beatty','Joyce',NULL,'BEATTY,JOYCE',NULL,'Mrs.',116,'Joyce Beatty','Mrs. Beatty','D','D','OH','3rd','Columbus','RHOB','2303','20515','3503','(202) 225-4324','20201103','20210103','OH03',NULL,NULL),('B001282','Barr, Andy','Barr','Andy',NULL,'BARR,ANDY',NULL,'Mr.',116,'Andy Barr','Mr. Barr','R','R','KY','6th','Lexington','RHOB','2430','20515','1706','(202) 225-4706','20201103','20210103','KY06',NULL,NULL),('B001285','Brownley, Julia','Brownley','Julia',NULL,'BROWNLEY,JULIA',NULL,'Ms.',116,'Julia Brownley','Ms. Brownley','D','D','CA','26th','Westlake Village','RHOB','2262','20515','0526','(202) 225-5811','20201103','20210103','CA26',NULL,NULL),('B001286','Bustos, Cheri','Bustos','Cheri',NULL,'BUSTOS,CHERI',NULL,'Mrs.',116,'Cheri Bustos','Mrs. Bustos','D','D','IL','17th','Moline','LHOB','1233','20515','1317','(202) 225-5905','20201103','20210103','IL17',NULL,NULL),('B001287','Bera, Ami','Bera','Ami',NULL,'BERA,AMI',NULL,'Mr.',116,'Ami Bera','Mr. Bera','D','D','CA','7th','Elk Grove','CHOB','172','20515','0507','(202) 225-5716','20201103','20210103','CA07',NULL,NULL),('B001291','Babin, Brian','Babin','Brian',NULL,'BABIN,BRIAN',NULL,'Mr.',116,'Brian Babin','Mr. Babin','R','R','TX','36th','Woodville','RHOB','2236','20515','4336','(202) 225-1555','20201103','20210103','TX36',NULL,NULL),('B001292','Beyer, Donald','Beyer','Donald','S.','BEYER,DONALD','Jr.','Mr.',116,'Donald S. Beyer, Jr.','Mr. Beyer','D','D','VA','8th','Alexandria','LHOB','1119','20515','4608','(202) 225-4376','20201103','20210103','VA08',NULL,NULL),('B001295','Bost, Mike','Bost','Mike',NULL,'BOST,MIKE',NULL,'Mr.',116,'Mike Bost','Mr. Bost','R','R','IL','12th','Murphysboro','LHOB','1211','20515','1312','(202) 225-5661','20201103','20210103','IL12',NULL,NULL),('B001296','Boyle, Brendan','Boyle','Brendan','F.','BOYLE,BRENDAN',NULL,'Mr.',116,'Brendan F. Boyle','Mr. Brendan F. Boyle of Pennsylvania','D','D','PA','2nd','Philadelphia','LHOB','1133','20515','3802','(202) 225-6111','20201103','20210103','PA02',NULL,NULL),('B001297','Buck, Ken','Buck','Ken',NULL,'BUCK,KEN',NULL,'Mr.',116,'Ken Buck','Mr. Buck','R','R','CO','4th','Windsor','RHOB','2455','20515','0604','(202) 225-4676','20201103','20210103','CO04',NULL,NULL),('B001298','Bacon, Don','Bacon','Don',NULL,'BACON,DON',NULL,'Mr.',116,'Don Bacon','Mr. Bacon','R','R','NE','2nd','Papillion','LHOB','1024','20515','2702','(202) 225-4155','20201103','20210103','NE02',NULL,NULL),('B001299','Banks, Jim','Banks','Jim',NULL,'BANKS,JIM',NULL,'Mr.',116,'Jim Banks','Mr. Banks','R','R','IN','3rd','Columbia City','LHOB','1713','20515','1403','(202) 225-4436','20201103','20210103','IN03',NULL,NULL),('B001300','Barragán, Nanette','Barragán','Nanette','Diaz','BARRAGAN,NANETTE',NULL,'Ms.',116,'Nanette Diaz Barragán','Ms. Barragán','D','D','CA','44th','San Pedro','RHOB','2246','20515','0544','(202) 225-8220','20201103','20210103','CA44',NULL,NULL),('B001301','Bergman, Jack','Bergman','Jack',NULL,'BERGMAN,JACK',NULL,'Mr.',116,'Jack Bergman','Mr. Bergman','R','R','MI','1st','Watersmeet','CHOB','566','20515','2201','(202) 225-4735','20201103','20210103','MI01',NULL,NULL),('B001302','Biggs, Andy','Biggs','Andy',NULL,'BIGGS,ANDY',NULL,'Mr.',116,'Andy Biggs','Mr. Biggs','R','R','AZ','5th','Gilbert','CHOB','171','20515','0305','(202) 225-2635','20201103','20210103','AZ05',NULL,NULL),('B001303','Blunt Rochester, Lisa','Blunt Rochester','Lisa',NULL,'BLUNTROCHESTER,LISA',NULL,'Ms.',116,'Lisa Blunt Rochester','Ms. Blunt Rochester','D','D','DE','At Large','Wilmington','LHOB','1724','20515','0800','(202) 225-4165','20201103','20210103','DE00',NULL,NULL),('B001304','Brown, Anthony','Brown','Anthony','G.','BROWN,ANTHONY',NULL,'Mr.',116,'Anthony G. Brown','Mr. Brown of Maryland','D','D','MD','4th','Bowie','LHOB','1323','20515','2004','(202) 225-8699','20201103','20210103','MD04',NULL,NULL),('B001305','Budd, Ted','Budd','Ted',NULL,'BUDD,TED',NULL,'Mr.',116,'Ted Budd','Mr. Budd','R','R','NC','13th','Advance','CHOB','103','20515','3313','(202) 225-4531','20201103','20210103','NC13',NULL,NULL),('B001306','Balderson, Troy','Balderson','Troy',NULL,'BALDERSON,TROY',NULL,'Mr.',116,'Troy Balderson','Mr. Balderson','R','R','OH','12th','Zanesville','RHOB','2429','20515','3512','(202) 225-5355','20201103','20210103','OH12',NULL,NULL),('B001307','Baird, James','Baird','James','R.','BAIRD,JAMES',NULL,'Mr.',116,'James R. Baird','Mr. Baird','R','R','IN','4th','Greencastle','LHOB','1314','20515','1404','(202) 225-5037','20201103','20210103','IN04',NULL,NULL),('B001309','Burchett, Tim','Burchett','Tim',NULL,'BURCHETT,TIM',NULL,'Mr.',116,'Tim Burchett','Mr. Burchett','R','R','TN','2nd','Knoxville','LHOB','1122','20515','4202','(202) 225-5435','20201103','20210103','TN02',NULL,NULL),('B001311','Bishop, Dan','Bishop','Dan',NULL,'BISHOP,DAN',NULL,'Mr.',116,'Dan Bishop','Mr. Bishop of North Carolina','R','R','NC','9th','Charlotte','LHOB','1207','20515','3309','(202) 225-1976','20201103','20210103','NC09',NULL,NULL),('B001312','Bourdeaux, Carolyn','Bourdeaux','Carolyn',NULL,'BOURDEAUX,CAROLYN',NULL,'Ms.',0,'Carolyn Bourdeaux','Ms. Bourdeaux','D','D','GA','7th','Suwanee','LHOB','1319','20515','1007','(202) 225-4272','20201103','20210103','GA07',NULL,NULL),('B001313','Brown, Shontel','Brown','Shontel','M.','BROWN,SHONTEL',NULL,'Ms.',0,'Shontel M. Brown','Ms. Brown of Ohio','D','D','OH','11th','Warrensville Heights','RHOB','2344','20515','3511','(202) 225-7032','20211102','20211104','OH11','0','Elected November 2, 2021, to fill the vacancy due to the resignation of Marcia L. Fudge, March 10, 2021.'),('C000059','Calvert, Ken','Calvert','Ken',NULL,'CALVERT,KEN',NULL,'Mr.',116,'Ken Calvert','Mr. Calvert','R','R','CA','42nd','Corona','RHOB','2205','20515','0542','(202) 225-1986','20201103','20210103','CA42',NULL,NULL),('C000266','Chabot, Steve','Chabot','Steve',NULL,'CHABOT,STEVE',NULL,'Mr.',116,'Steve Chabot','Mr. Chabot','R','R','OH','1st','Cincinnati','RHOB','2408','20515','3501','(202) 225-2216','20201103','20210103','OH01',NULL,NULL),('C000537','Clyburn, James','Clyburn','James','E.','CLYBURN,JAMES',NULL,'Mr.',116,'James E. Clyburn','Mr. Clyburn','D','D','SC','6th','Columbia','CHOB','274','20515','4006','(202) 225-3315','20201103','20210103','SC06',NULL,NULL),('C000754','Cooper, Jim','Cooper','Jim',NULL,'COOPER,JIM',NULL,'Mr.',116,'Jim Cooper','Mr. Cooper','D','D','TN','5th','Nashville','LHOB','1536','20515','4205','(202) 225-4311','20201103','20210103','TN05',NULL,NULL),('C001039','Cammack, Kat','Cammack','Kat',NULL,'CAMMACK,KAT',NULL,'Mrs.',105,'Kat Cammack','Mrs. Cammack','R','R','FL','3rd','Gainesville','LHOB','1626','20515','0903','(202) 225-5744','20201103','20210103','FL03',NULL,NULL),('C001051','Carter, John','Carter','John','R.','CARTER,JOHN',NULL,'Mr.',116,'John R. Carter','Mr. Carter of Texas','R','R','TX','31st','Round Rock','RHOB','2208','20515','4331','(202) 225-3864','20201103','20210103','TX31',NULL,NULL),('C001053','Cole, Tom','Cole','Tom',NULL,'COLE,TOM',NULL,'Mr.',116,'Tom Cole','Mr. Cole','R','R','OK','4th','Moore','RHOB','2207','20515','3604','(202) 225-6165','20201103','20210103','OK04',NULL,NULL),('C001054','Carl, Jerry','Carl','Jerry','L.','CARL,JERRY',NULL,'Mr.',0,'Jerry L. Carl','Mr. Carl','R','R','AL','1st','Mobile','LHOB','1330','20515','0101','(202) 225-4931','20201103','20210103','AL01',NULL,NULL),('C001055','Case, Ed','Case','Ed',NULL,'CASE,ED',NULL,'Mr.',116,'Ed Case','Mr. Case','D','D','HI','1st','Kaneohe','RHOB','2210','20515','1101','(202) 225-2726','20201103','20210103','HI01',NULL,NULL),('C001059','Costa, Jim','Costa','Jim',NULL,'COSTA,JIM',NULL,'Mr.',116,'Jim Costa','Mr. Costa','D','D','CA','16th','Fresno','RHOB','2081','20515','0516','(202) 225-3341','20201103','20210103','CA16',NULL,NULL),('C001061','Cleaver, Emanuel','Cleaver','Emanuel',NULL,'CLEAVER,EMANUEL',NULL,'Mr.',116,'Emanuel Cleaver','Mr. Cleaver','D','D','MO','5th','Kansas City','RHOB','2335','20515','2505','(202) 225-4535','20201103','20210103','MO05',NULL,NULL),('C001063','Cuellar, Henry','Cuellar','Henry',NULL,'CUELLAR,HENRY',NULL,'Mr.',116,'Henry Cuellar','Mr. Cuellar','D','D','TX','28th','Laredo','RHOB','2372','20515','4328','(202) 225-1640','20201103','20210103','TX28',NULL,NULL),('C001066','Castor, Kathy','Castor','Kathy',NULL,'CASTOR,KATHY',NULL,'Ms.',116,'Kathy Castor','Ms. Castor of Florida','D','D','FL','14th','Tampa','RHOB','2052','20515','0914','(202) 225-3376','20201103','20210103','FL14',NULL,NULL),('C001067','Clarke, Yvette','Clarke','Yvette','D.','CLARKE,YVETTE',NULL,'Ms.',116,'Yvette D. Clarke','Ms. Clarke of New York','D','D','NY','9th','Brooklyn','RHOB','2058','20515','3209','(202) 225-6231','20201103','20210103','NY09',NULL,NULL),('C001068','Cohen, Steve','Cohen','Steve',NULL,'COHEN,STEVE',NULL,'Mr.',116,'Steve Cohen','Mr. Cohen','D','D','TN','9th','Memphis','RHOB','2104','20515','4209','(202) 225-3265','20201103','20210103','TN09',NULL,NULL),('C001069','Courtney, Joe','Courtney','Joe',NULL,'COURTNEY,JOE',NULL,'Mr.',116,'Joe Courtney','Mr. Courtney','D','D','CT','2nd','Vernon','RHOB','2449','20515','0702','(202) 225-2076','20201103','20210103','CT02',NULL,NULL),('C001072','Carson, André','Carson','André',NULL,'CARSON,ANDRE',NULL,'Mr.',116,'André Carson','Mr. Carson','D','D','IN','7th','Indianapolis','RHOB','2135','20515','1407','(202) 225-4011','20201103','20210103','IN07',NULL,NULL),('C001078','Connolly, Gerald','Connolly','Gerald','E.','CONNOLLY,GERALD',NULL,'Mr.',116,'Gerald E. Connolly','Mr. Connolly','D','D','VA','11th','Fairfax','RHOB','2238','20515','4611','(202) 225-1492','20201103','20210103','VA11',NULL,NULL),('C001080','Chu, Judy','Chu','Judy',NULL,'CHU,JUDY',NULL,'Ms.',116,'Judy Chu','Ms. Chu','D','D','CA','27th','Monterey Park','RHOB','2423','20515','0527','(202) 225-5464','20201103','20210103','CA27',NULL,NULL),('C001084','Cicilline, David','Cicilline','David','N.','CICILLINE,DAVID',NULL,'Mr.',116,'David N. Cicilline','Mr. Cicilline','D','D','RI','1st','Providence','RHOB','2233','20515','3901','(202) 225-4911','20201103','20210103','RI01',NULL,NULL),('C001087','Crawford, Eric','Crawford','Eric','A. \"Rick\"','CRAWFORD,ERIC',NULL,'Mr.',116,'Eric A. \"Rick\" Crawford','Mr. Crawford','R','R','AR','1st','Jonesboro','RHOB','2422','20515','0401','(202) 225-4076','20201103','20210103','AR01',NULL,NULL),('C001090','Cartwright, Matt','Cartwright','Matt',NULL,'CARTWRIGHT,MATT',NULL,'Mr.',116,'Matt Cartwright','Mr. Cartwright','D','D','PA','8th','Moosic','RHOB','2102','20515','3808','(202) 225-5546','20201103','20210103','PA08',NULL,NULL),('C001091','Castro, Joaquin','Castro','Joaquin',NULL,'CASTRO,JOAQUIN',NULL,'Mr.',116,'Joaquin Castro','Mr. Castro of Texas','D','D','TX','20th','San Antonio','RHOB','2241','20515','4320','(202) 225-3236','20201103','20210103','TX20',NULL,NULL),('C001097','Cárdenas, Tony','Cárdenas','Tony',NULL,'CARDENAS,TONY',NULL,'Mr.',116,'Tony Cárdenas','Mr. Cárdenas','D','D','CA','29th','Pacoima','RHOB','2438','20515','0529','(202) 225-6131','20201103','20210103','CA29',NULL,NULL),('C001101','Clark, Katherine','Clark','Katherine','M.','CLARK,KATHERINE',NULL,'Ms.',116,'Katherine M. Clark','Ms. Clark of Massachusetts','D','D','MA','5th','Melrose','RHOB','2448','20515','2105','(202) 225-2836','20201103','20210103','MA05',NULL,NULL),('C001103','Carter, Earl','Carter','Earl','L. \"Buddy\"','CARTER,EARL',NULL,'Mr.',116,'Earl L. \"Buddy\" Carter','Mr. Carter of Georgia','R','R','GA','1st','Pooler','RHOB','2432','20515','1001','(202) 225-5831','20201103','20210103','GA01',NULL,NULL),('C001104','Cawthorn, Madison','Cawthorn','Madison',NULL,'CAWTHORN,MADISON',NULL,'Mr.',0,'Madison Cawthorn','Mr. Cawthorn','R','R','NC','11th','Hendersonville','CHOB','102','20515','3311','(202) 225-6401','20201103','20210103','NC11',NULL,NULL),('C001108','Comer, James','Comer','James',NULL,'COMER,JAMES',NULL,'Mr.',116,'James Comer','Mr. Comer','R','R','KY','1st','Tompkinsville','RHOB','2410','20515','1701','(202) 225-3115','20201103','20210103','KY01',NULL,NULL),('C001109','Cheney, Liz','Cheney','Liz',NULL,'CHENEY,LIZ',NULL,'Ms.',116,'Liz Cheney','Ms. Cheney','R','R','WY','At Large','Wilson','CHOB','416','20515','5000','(202) 225-2311','20201103','20210103','WY00',NULL,NULL),('C001110','Correa, J.','Correa','J.','Luis','CORREA,J.',NULL,'Mr.',116,'J. Luis Correa','Mr. Correa','D','D','CA','46th','Santa Ana','RHOB','2301','20515','0546','(202) 225-2965','20201103','20210103','CA46',NULL,NULL),('C001111','Crist, Charlie','Crist','Charlie',NULL,'CRIST,CHARLIE',NULL,'Mr.',116,'Charlie Crist','Mr. Crist','D','D','FL','13th','St. Petersburg','CHOB','215','20515','0913','(202) 225-5961','20201103','20210103','FL13',NULL,NULL),('C001112','Carbajal, Salud','Carbajal','Salud','O.','CARBAJAL,SALUD',NULL,'Mr.',116,'Salud O. Carbajal','Mr. Carbajal','D','D','CA','24th','Santa Barbara','RHOB','2331','20515','0524','(202) 225-3601','20201103','20210103','CA24',NULL,NULL),('C001114','Curtis, John','Curtis','John','R.','CURTIS,JOHN',NULL,'Mr.',116,'John R. Curtis','Mr. Curtis','R','R','UT','3rd','Provo','RHOB','2400','20515','4403','(202) 225-7751','20201103','20210103','UT03',NULL,NULL),('C001115','Cloud, Michael','Cloud','Michael',NULL,'CLOUD,MICHAEL',NULL,'Mr.',116,'Michael Cloud','Mr. Cloud','R','R','TX','27th','Victoria','CHOB','512','20515','4327','(202) 225-7742','20201103','20210103','TX27',NULL,NULL),('C001116','Clyde, Andrew','Clyde','Andrew','S.','CLYDE,ANDREW',NULL,'Mr.',0,'Andrew S. Clyde','Mr. Clyde','R','R','GA','9th','Athens','CHOB','521','20515','1009','(202) 225-9893','20201103','20210103','GA09',NULL,NULL),('C001117','Casten, Sean','Casten','Sean',NULL,'CASTEN,SEAN',NULL,'Mr.',116,'Sean Casten','Mr. Casten','D','D','IL','6th','Downers Grove','RHOB','2440','20515','1306','(202) 225-4561','20201103','20210103','IL06',NULL,NULL),('C001118','Cline, Ben','Cline','Ben',NULL,'CLINE,BEN',NULL,'Mr.',116,'Ben Cline','Mr. Cline','R','R','VA','6th','Rockbridge','RHOB','2443','20515','4606','(202) 225-5431','20201103','20210103','VA06',NULL,NULL),('C001119','Craig, Angie','Craig','Angie',NULL,'CRAIG,ANGIE',NULL,'Ms.',116,'Angie Craig','Ms. Craig','D','D','MN','2nd','Eagan','RHOB','2442','20515','2302','(202) 225-2271','20201103','20210103','MN02',NULL,NULL),('C001120','Crenshaw, Dan','Crenshaw','Dan',NULL,'CRENSHAW,DAN',NULL,'Mr.',116,'Dan Crenshaw','Mr. Crenshaw','R','R','TX','2nd','Houston','CHOB','413','20515','4302','(202) 225-6565','20201103','20210103','TX02',NULL,NULL),('C001121','Crow, Jason','Crow','Jason',NULL,'CROW,JASON',NULL,'Mr.',116,'Jason Crow','Mr. Crow','D','D','CO','6th','Aurora','LHOB','1229','20515','0606','(202) 225-7882','20201103','20210103','CO06',NULL,NULL),('C001125','Carter, Troy','Carter','Troy','A.','CARTER,TROY',NULL,'Mr.',0,'Troy A. Carter','Mr. Carter of Louisiana','D','D','LA','2nd','New Orleans','CHOB','506','20515','1802','(202) 225-6636','20210424','20210511','LA02','0','Elected April 24, 2021, to fill the vacancy due to the resignation of Cedric L. Richmond, January 15, 2021.'),('C001126','Carey, Mike','Carey','Mike',NULL,'CAREY,MIKE',NULL,'Mr.',0,'Mike Carey','Mr. Carey','R','R','OH','15th','Columbus','RHOB','2234','20515','3515','(202) 225-2015','20211102','20211104','OH15','0','Elected November 2, 2021, to fill the vacancy due to the resignation of Steve Stivers, May 16, 2021.'),('D000032','Donalds, Byron','Donalds','Byron',NULL,'DONALDS,BYRON',NULL,'Mr.',0,'Byron Donalds','Mr. Donalds','R','R','FL','19th','Naples','CHOB','523','20515','0919','(202) 225-2536','20201103','20210103','FL19',NULL,NULL),('D000096','Davis, Danny','Davis','Danny','K.','DAVIS,DANNY',NULL,'Mr.',116,'Danny K. Davis','Mr. Danny K. Davis of Illinois','D','D','IL','7th','Chicago','RHOB','2159','20515','1307','(202) 225-5006','20201103','20210103','IL07',NULL,NULL),('D000191','DeFazio, Peter','DeFazio','Peter','A.','DEFAZIO,PETER',NULL,'Mr.',116,'Peter A. DeFazio','Mr. DeFazio','D','D','OR','4th','Springfield','RHOB','2134','20515','3704','(202) 225-6416','20201103','20210103','OR04',NULL,NULL),('D000197','DeGette, Diana','DeGette','Diana',NULL,'DEGETTE,DIANA',NULL,'Ms.',116,'Diana DeGette','Ms. DeGette','D','D','CO','1st','Denver','RHOB','2111','20515','0601','(202) 225-4431','20201103','20210103','CO01',NULL,NULL),('D000216','DeLauro, Rosa','DeLauro','Rosa','L.','DELAURO,ROSA',NULL,'Ms.',116,'Rosa L. DeLauro','Ms. DeLauro','D','D','CT','3rd','New Haven','RHOB','2413','20515','0703','(202) 225-3661','20201103','20210103','CT03',NULL,NULL),('D000399','Doggett, Lloyd','Doggett','Lloyd',NULL,'DOGGETT,LLOYD',NULL,'Mr.',116,'Lloyd Doggett','Mr. Doggett','D','D','TX','35th','Austin','RHOB','2307','20515','4335','(202) 225-4865','20201103','20210103','TX35',NULL,NULL),('D000482','Doyle, Michael','Doyle','Michael','F.','DOYLE,MICHAEL',NULL,'Mr.',116,'Michael F. Doyle','Mr. Michael F. Doyle of Pennsylvania','D','D','PA','18th','Pittsburgh','CHOB','270','20515','3818','(202) 225-2135','20201103','20210103','PA18',NULL,NULL),('D000600','Diaz-Balart, Mario','Diaz-Balart','Mario',NULL,'DIAZBALART,MARIO',NULL,'Mr.',116,'Mario Diaz-Balart','Mr. Diaz-Balart','R','R','FL','25th','Miami','CHOB','374','20515','0925','(202) 225-4211','20201103','20210103','FL25',NULL,NULL),('D000610','Deutch, Theodore','Deutch','Theodore','E.','DEUTCH,THEODORE',NULL,'Mr.',116,'Theodore E. Deutch','Mr. Deutch','D','D','FL','22nd','Boca Raton','RHOB','2323','20515','0922','(202) 225-3001','20201103','20210103','FL22',NULL,NULL),('D000615','Duncan, Jeff','Duncan','Jeff',NULL,'DUNCAN,JEFF',NULL,'Mr.',116,'Jeff Duncan','Mr. Duncan','R','R','SC','3rd','Laurens','RHOB','2229','20515','4003','(202) 225-5301','20201103','20210103','SC03',NULL,NULL),('D000616','DesJarlais, Scott','DesJarlais','Scott',NULL,'DESJARLAIS,SCOTT',NULL,'Mr.',116,'Scott DesJarlais','Mr. DesJarlais','R','R','TN','4th','Sherwood','RHOB','2304','20515','4204','(202) 225-6831','20201103','20210103','TN04',NULL,NULL),('D000617','DelBene, Suzan','DelBene','Suzan','K.','DELBENE,SUZAN',NULL,'Ms.',116,'Suzan K. DelBene','Ms. DelBene','D','D','WA','1st','Medina','RHOB','2330','20515','4701','(202) 225-6311','20201103','20210103','WA01',NULL,NULL),('D000619','Davis, Rodney','Davis','Rodney',NULL,'DAVIS,RODNEY',NULL,'Mr.',116,'Rodney Davis','Mr. Rodney Davis of Illinois','R','R','IL','13th','Taylorville','RHOB','2079','20515','1313','(202) 225-2371','20201103','20210103','IL13',NULL,NULL),('D000623','DeSaulnier, Mark','DeSaulnier','Mark',NULL,'DESAULNIER,MARK',NULL,'Mr.',116,'Mark DeSaulnier','Mr. DeSaulnier','D','D','CA','11th','Concord','CHOB','503','20515','0511','(202) 225-2095','20201103','20210103','CA11',NULL,NULL),('D000624','Dingell, Debbie','Dingell','Debbie',NULL,'DINGELL,DEBBIE',NULL,'Mrs.',116,'Debbie Dingell','Mrs. Dingell','D','D','MI','12th','Dearborn','CHOB','116','20515','2212','(202) 225-4071','20201103','20210103','MI12',NULL,NULL),('D000626','Davidson, Warren','Davidson','Warren',NULL,'DAVIDSON,WARREN',NULL,'Mr.',116,'Warren Davidson','Mr. Davidson','R','R','OH','8th','Troy','RHOB','2113','20515','3508','(202) 225-6205','20201103','20210103','OH08',NULL,NULL),('D000627','Demings, Val','Demings','Val','Butler','DEMINGS,VAL',NULL,'Mrs.',116,'Val Butler Demings','Mrs. Demings','D','D','FL','10th','Orlando','CHOB','217','20515','0910','(202) 225-2176','20201103','20210103','FL10',NULL,NULL),('D000628','Dunn, Neal','Dunn','Neal','P.','DUNN,NEAL',NULL,'Mr.',116,'Neal P. Dunn','Mr. Dunn','R','R','FL','2nd','Panama City','CHOB','316','20515','0902','(202) 225-5235','20201103','20210103','FL02',NULL,NULL),('D000629','Davids, Sharice','Davids','Sharice',NULL,'DAVIDS,SHARICE',NULL,'Ms.',116,'Sharice Davids','Ms. Davids of Kansas','D','D','KS','3rd','Roeland Park','LHOB','1541','20515','1603','(202) 225-2865','20201103','20210103','KS03',NULL,NULL),('D000630','Delgado, Antonio','Delgado','Antonio',NULL,'DELGADO,ANTONIO',NULL,'Mr.',116,'Antonio Delgado','Mr. Delgado','D','D','NY','19th','Rhinebeck','LHOB','1007','20515','3219','(202) 225-5614','20201103','20210103','NY19',NULL,NULL),('D000631','Dean, Madeleine','Dean','Madeleine',NULL,'DEAN,MADELEINE',NULL,'Ms.',116,'Madeleine Dean','Ms. Dean','D','D','PA','4th','Jenkintown','CHOB','120','20515','3804','(202) 225-4731','20201103','20210103','PA04',NULL,NULL),('E000071','Ellzey, Jake','Ellzey','Jake',NULL,'ELLZEY,JAKE',NULL,'Mr.',0,'Jake Ellzey','Mr. Ellzey','R','R','TX','6th','Midlothian','LHOB','1725','20515','4306','(202) 225-2002','20210727','20210730','TX06','0','Elected July 27, 2021, to fill the vacancy due to the death of Ron Wright, February 7, 2021.'),('E000215','Eshoo, Anna','Eshoo','Anna','G.','ESHOO,ANNA',NULL,'Ms.',116,'Anna G. Eshoo','Ms. Eshoo','D','D','CA','18th','Atherton','CHOB','272','20515','0518','(202) 225-8104','20201103','20210103','CA18',NULL,NULL),('E000294','Emmer, Tom','Emmer','Tom',NULL,'EMMER,TOM',NULL,'Mr.',116,'Tom Emmer','Mr. Emmer','R','R','MN','6th','Delano','CHOB','315','20515','2306','(202) 225-2331','20201103','20210103','MN06',NULL,NULL),('E000296','Evans, Dwight','Evans','Dwight',NULL,'EVANS,DWIGHT',NULL,'Mr.',116,'Dwight Evans','Mr. Evans','D','D','PA','3rd','Philadelphia','LHOB','1105','20515','3803','(202) 225-4001','20201103','20210103','PA03',NULL,NULL),('E000297','Espaillat, Adriano','Espaillat','Adriano',NULL,'ESPAILLAT,ADRIANO',NULL,'Mr.',116,'Adriano Espaillat','Mr. Espaillat','D','D','NY','13th','New York','RHOB','2332','20515','3213','(202) 225-4365','20201103','20210103','NY13',NULL,NULL),('E000298','Estes, Ron','Estes','Ron',NULL,'ESTES,RON',NULL,'Mr.',116,'Ron Estes','Mr. Estes','R','R','KS','4th','Wichita','RHOB','2411','20515','1604','(202) 225-6216','20201103','20210103','KS04',NULL,NULL),('E000299','Escobar, Veronica','Escobar','Veronica',NULL,'ESCOBAR,VERONICA',NULL,'Ms.',116,'Veronica Escobar','Ms. Escobar','D','D','TX','16th','El Paso','LHOB','1505','20515','4316','(202) 225-4831','20201103','20210103','TX16',NULL,NULL),('F000246','Fallon, Pat','Fallon','Pat',NULL,'FALLON,PAT',NULL,'Mr.',0,'Pat Fallon','Mr. Fallon','R','R','TX','4th','Sherman','LHOB','1118','20515','4304','(202) 225-6673','20201103','20210103','TX04',NULL,NULL),('F000446','Feenstra, Randy','Feenstra','Randy',NULL,'FEENSTRA,RANDY',NULL,'Mr.',0,'Randy Feenstra','Mr. Feenstra','R','R','IA','4th','Hull','LHOB','1440','20515','1504','(202) 225-4426','20201103','20210103','IA04',NULL,NULL),('F000449','Fortenberry, Jeff','Fortenberry','Jeff',NULL,'FORTENBERRY,JEFF',NULL,'Mr.',116,'Jeff Fortenberry','Mr. Fortenberry','R','R','NE','1st','Lincoln','LHOB','1514','20515','2701','(202) 225-4806','20201103','20210103','NE01',NULL,NULL),('F000450','Foxx, Virginia','Foxx','Virginia',NULL,'FOXX,VIRGINIA',NULL,'Ms.',116,'Virginia Foxx','Ms. Foxx','R','R','NC','5th','Banner Elk','RHOB','2462','20515','3305','(202) 225-2071','20201103','20210103','NC05',NULL,NULL),('F000454','Foster, Bill','Foster','Bill',NULL,'FOSTER,BILL',NULL,'Mr.',116,'Bill Foster','Mr. Foster','D','D','IL','11th','Naperville','RHOB','2366','20515','1311','(202) 225-3515','20201103','20210103','IL11',NULL,NULL),('F000459','Fleischmann, Charles','Fleischmann','Charles','J. \"Chuck\"','FLEISCHMANN,CHARLES',NULL,'Mr.',116,'Charles J. \"Chuck\" Fleischmann','Mr. Fleischmann','R','R','TN','3rd','Chattanooga','CHOB','462','20515','4203','(202) 225-3271','20201103','20210103','TN03',NULL,NULL),('F000462','Frankel, Lois','Frankel','Lois',NULL,'FRANKEL,LOIS',NULL,'Ms.',116,'Lois Frankel','Ms. Lois Frankel of Florida','D','D','FL','21st','West Palm Beach','RHOB','2305','20515','0921','(202) 225-9890','20201103','20210103','FL21',NULL,NULL),('F000465','Ferguson, A.','Ferguson','A.','Drew','FERGUSON,A.','IV','Mr.',116,'A. Drew Ferguson IV','Mr. Ferguson','R','R','GA','3rd','West Point','LHOB','1032','20515','1003','(202) 225-5901','20201103','20210103','GA03',NULL,NULL),('F000466','Fitzpatrick, Brian','Fitzpatrick','Brian','K.','FITZPATRICK,BRIAN',NULL,'Mr.',116,'Brian K. Fitzpatrick','Mr. Fitzpatrick','R','R','PA','1st','Levittown','CHOB','271','20515','3801','(202) 225-4276','20201103','20210103','PA01',NULL,NULL),('F000468','Fletcher, Lizzie','Fletcher','Lizzie',NULL,'FLETCHER,LIZZIE',NULL,'Mrs.',116,'Lizzie Fletcher','Mrs. Fletcher','D','D','TX','7th','Houston','CHOB','119','20515','4307','(202) 225-2571','20201103','20210103','TX07',NULL,NULL),('F000469','Fulcher, Russ','Fulcher','Russ',NULL,'FULCHER,RUSS',NULL,'Mr.',116,'Russ Fulcher','Mr. Fulcher','R','R','ID','1st','Meridian','LHOB','1520','20515','1201','(202) 225-6611','20201103','20210103','ID01',NULL,NULL),('F000470','Fischbach, Michelle','Fischbach','Michelle',NULL,'FISCHBACH,MICHELLE',NULL,'Mrs.',0,'Michelle Fischbach','Mrs. Fischbach','R','R','MN','7th','Regal','LHOB','1237','20515','2307','(202) 225-2165','20201103','20210103','MN07',NULL,NULL),('F000471','Fitzgerald, Scott','Fitzgerald','Scott',NULL,'FITZGERALD,SCOTT',NULL,'Mr.',0,'Scott Fitzgerald','Mr. Fitzgerald','R','R','WI','5th','Clyman','LHOB','1507','20515','4905','(202) 225-5101','20201103','20210103','WI05',NULL,NULL),('F000472','Franklin, C.','Franklin','C.','Scott','FRANKLIN,C.',NULL,'Mr.',0,'C. Scott Franklin','Mr. C. Scott Franklin of Florida','R','R','FL','15th','Lakeland','LHOB','1517','20515','0915','(202) 225-1252','20201103','20210103','FL15',NULL,NULL),('G000061','Garcia, Mike','Garcia','Mike',NULL,'GARCIA,MIKE',NULL,'Mr.',116,'Mike Garcia','Mr. Garcia of California','R','R','CA','25th','Santa Clarita','LHOB','1535','20515','0525','(202) 225-1956','20201103','20210103','CA25',NULL,NULL),('G000377','Granger, Kay','Granger','Kay',NULL,'GRANGER,KAY',NULL,'Ms.',116,'Kay Granger','Ms. Granger','R','R','TX','12th','Fort Worth','LHOB','1026','20515','4312','(202) 225-5071','20201103','20210103','TX12',NULL,NULL),('G000546','Graves, Sam','Graves','Sam',NULL,'GRAVES,SAM',NULL,'Mr.',116,'Sam Graves','Mr. Graves of Missouri','R','R','MO','6th','Tarkio','LHOB','1135','20515','2506','(202) 225-7041','20201103','20210103','MO06',NULL,NULL),('G000551','Grijalva, Raúl','Grijalva','Raúl','M.','GRIJALVA,RAUL',NULL,'Mr.',116,'Raúl M. Grijalva','Mr. Grijalva','D','D','AZ','3rd','Tucson','LHOB','1511','20515','0303','(202) 225-2435','20201103','20210103','AZ03',NULL,NULL),('G000552','Gohmert, Louie','Gohmert','Louie',NULL,'GOHMERT,LOUIE',NULL,'Mr.',116,'Louie Gohmert','Mr. Gohmert','R','R','TX','1st','Tyler','RHOB','2269','20515','4301','(202) 225-3035','20201103','20210103','TX01',NULL,NULL),('G000553','Green, Al','Green','Al',NULL,'GREEN,AL',NULL,'Mr.',116,'Al Green','Mr. Green of Texas','D','D','TX','9th','Houston','RHOB','2347','20515','4309','(202) 225-7508','20201103','20210103','TX09',NULL,NULL),('G000558','Guthrie, Brett','Guthrie','Brett',NULL,'GUTHRIE,BRETT',NULL,'Mr.',116,'Brett Guthrie','Mr. Guthrie','R','R','KY','2nd','Bowling Green','RHOB','2434','20515','1702','(202) 225-3501','20201103','20210103','KY02',NULL,NULL),('G000559','Garamendi, John','Garamendi','John',NULL,'GARAMENDI,JOHN',NULL,'Mr.',116,'John Garamendi','Mr. Garamendi','D','D','CA','3rd','Walnut Grove','RHOB','2368','20515','0503','(202) 225-1880','20201103','20210103','CA03',NULL,NULL),('G000563','Gibbs, Bob','Gibbs','Bob',NULL,'GIBBS,BOB',NULL,'Mr.',116,'Bob Gibbs','Mr. Gibbs','R','R','OH','7th','Lakeville','RHOB','2217','20515','3507','(202) 225-6265','20201103','20210103','OH07',NULL,NULL),('G000565','Gosar, Paul','Gosar','Paul','A.','GOSAR,PAUL',NULL,'Mr.',116,'Paul A. Gosar','Mr. Gosar','R','R','AZ','4th','Prescott','RHOB','2057','20515','0304','(202) 225-2315','20201103','20210103','AZ04',NULL,NULL),('G000568','Griffith, H.','Griffith','H.','Morgan','GRIFFITH,H.',NULL,'Mr.',116,'H. Morgan Griffith','Mr. Griffith','R','R','VA','9th','Salem','RHOB','2202','20515','4609','(202) 225-3861','20201103','20210103','VA09',NULL,NULL),('G000574','Gallego, Ruben','Gallego','Ruben',NULL,'GALLEGO,RUBEN',NULL,'Mr.',116,'Ruben Gallego','Mr. Gallego','D','D','AZ','7th','Phoenix','LHOB','1131','20515','0307','(202) 225-4065','20201103','20210103','AZ07',NULL,NULL),('G000576','Grothman, Glenn','Grothman','Glenn',NULL,'GROTHMAN,GLENN',NULL,'Mr.',116,'Glenn Grothman','Mr. Grothman','R','R','WI','6th','Glenbeulah','LHOB','1427','20515','4906','(202) 225-2476','20201103','20210103','WI06',NULL,NULL),('G000577','Graves, Garret','Graves','Garret',NULL,'GRAVES,GARRET',NULL,'Mr.',116,'Garret Graves','Mr. Graves of Louisiana','R','R','LA','6th','Baton Rouge','RHOB','2402','20515','1806','(202) 225-3901','20201103','20210103','LA06',NULL,NULL),('G000578','Gaetz, Matt','Gaetz','Matt',NULL,'GAETZ,MATT',NULL,'Mr.',116,'Matt Gaetz','Mr. Gaetz','R','R','FL','1st','Fort Walton Beach','LHOB','1721','20515','0901','(202) 225-4136','20201103','20210103','FL01',NULL,NULL),('G000579','Gallagher, Mike','Gallagher','Mike',NULL,'GALLAGHER,MIKE',NULL,'Mr.',116,'Mike Gallagher','Mr. Gallagher','R','R','WI','8th','Green Bay','LHOB','1230','20515','4908','(202) 225-5665','20201103','20210103','WI08',NULL,NULL),('G000581','Gonzalez, Vicente','Gonzalez','Vicente',NULL,'GONZALEZ,VICENTE',NULL,'Mr.',116,'Vicente Gonzalez','Mr. Vicente Gonzalez of Texas','D','D','TX','15th','McAllen','CHOB','113','20515','4315','(202) 225-2531','20201103','20210103','TX15',NULL,NULL),('G000582','González-Colón, Jenniffer','González-Colón','Jenniffer',NULL,'GONZALEZCOLON,JENNIFFER',NULL,'Miss',116,'Jenniffer González-Colón','Miss González-Colón','R','R','PR','Resident Commissioner','San Juan','RHOB','2338','20515','5401','(202) 225-2615','20201103','20210103','PR00',NULL,NULL),('G000583','Gottheimer, Josh','Gottheimer','Josh',NULL,'GOTTHEIMER,JOSH',NULL,'Mr.',116,'Josh Gottheimer','Mr. Gottheimer','D','D','NJ','5th','Wyckoff','CHOB','203','20515','3005','(202) 225-4465','20201103','20210103','NJ05',NULL,NULL),('G000585','Gomez, Jimmy','Gomez','Jimmy',NULL,'GOMEZ,JIMMY',NULL,'Mr.',116,'Jimmy Gomez','Mr. Gomez','D','D','CA','34th','Los Angeles','LHOB','1530','20515','0534','(202) 225-6235','20201103','20210103','CA34',NULL,NULL),('G000586','García, Jesús','García','Jesús','G. \"Chuy\"','GARCIA,JESUS',NULL,'Mr.',116,'Jesús G. \"Chuy\" García','Mr. García of Illinois','D','D','IL','4th','Chicago','LHOB','1519','20515','1304','(202) 225-8203','20201103','20210103','IL04',NULL,NULL),('G000587','Garcia, Sylvia','Garcia','Sylvia','R.','GARCIA,SYLVIA',NULL,'Ms.',116,'Sylvia R. Garcia','Ms. Garcia of Texas','D','D','TX','29th','Houston','LHOB','1620','20515','4329','(202) 225-1688','20201103','20210103','TX29',NULL,NULL),('G000588','Gonzalez, Anthony','Gonzalez','Anthony',NULL,'GONZALEZ,ANTHONY',NULL,'Mr.',116,'Anthony Gonzalez','Mr. Gonzalez of Ohio','R','R','OH','16th','Rocky River','RHOB','2458','20515','3516','(202) 225-3876','20201103','20210103','OH16',NULL,NULL),('G000589','Gooden, Lance','Gooden','Lance',NULL,'GOODEN,LANCE',NULL,'Mr.',116,'Lance Gooden','Mr. Gooden of Texas','R','R','TX','5th','Terrell','LHOB','1722','20515','4305','(202) 225-3484','20201103','20210103','TX05',NULL,NULL),('G000590','Green, Mark','Green','Mark','E.','GREEN,MARK',NULL,'Mr.',116,'Mark E. Green','Mr. Green of Tennessee','R','R','TN','7th','Clarksville','RHOB','2446','20515','4207','(202) 225-2811','20201103','20210103','TN07',NULL,NULL),('G000591','Guest, Michael','Guest','Michael',NULL,'GUEST,MICHAEL',NULL,'Mr.',116,'Michael Guest','Mr. Guest','R','R','MS','3rd','Brandon','CHOB','418','20515','2403','(202) 225-5031','20201103','20210103','MS03',NULL,NULL),('G000592','Golden, Jared','Golden','Jared','F.','GOLDEN,JARED',NULL,'Mr.',116,'Jared F. Golden','Mr. Golden','D','D','ME','2nd','Lewiston','LHOB','1222','20515','1902','(202) 225-6306','20201103','20210103','ME02',NULL,NULL),('G000593','Gimenez, Carlos','Gimenez','Carlos','A.','GIMENEZ,CARLOS',NULL,'Mr.',0,'Carlos A. Gimenez','Mr. Gimenez','R','R','FL','26th','Miami','CHOB','419','20515','0926','(202) 225-2778','20201103','20210103','FL26',NULL,NULL),('G000594','Gonzales, Tony','Gonzales','Tony',NULL,'GONZALES,TONY',NULL,'Mr.',0,'Tony Gonzales','Mr. Tony Gonzales of Texas','R','R','TX','23rd','San Antonio','LHOB','1009','20515','4323','(202) 225-4511','20201103','20210103','TX23',NULL,NULL),('G000595','Good, Bob','Good','Bob',NULL,'GOOD,BOB',NULL,'Mr.',0,'Bob Good','Mr. Good of Virginia','R','R','VA','5th','Evington','LHOB','1213','20515','4605','(202) 225-4711','20201103','20210103','VA05',NULL,NULL),('G000596','Greene, Marjorie','Greene','Marjorie','Taylor','GREENE,MARJORIE',NULL,'Mrs.',0,'Marjorie Taylor Greene','Mrs. Greene of Georgia','R','R','GA','14th','Rome','LHOB','1023','20515','1014','(202) 225-5211','20201103','20210103','GA14',NULL,NULL),('G000597','Garbarino, Andrew','Garbarino','Andrew','R.','GARBARINO,ANDREW',NULL,'Mr.',0,'Andrew R. Garbarino','Mr. Garbarino','R','R','NY','2nd','Sayville','LHOB','1516','20515','3202','(202) 225-7896','20201103','20210103','NY02',NULL,NULL),('H000874','Hoyer, Steny','Hoyer','Steny','H.','HOYER,STENY',NULL,'Mr.',116,'Steny H. Hoyer','Mr. Hoyer','D','D','MD','5th','Mechanicsville','LHOB','1705','20515','2005','(202) 225-4131','20201103','20210103','MD05',NULL,NULL),('H001038','Higgins, Brian','Higgins','Brian',NULL,'HIGGINS,BRIAN',NULL,'Mr.',116,'Brian Higgins','Mr. Higgins of New York','D','D','NY','26th','Buffalo','RHOB','2459','20515','3226','(202) 225-3306','20201103','20210103','NY26',NULL,NULL),('H001047','Himes, James','Himes','James','A.','HIMES,JAMES',NULL,'Mr.',116,'James A. Himes','Mr. Himes','D','D','CT','4th','Cos Cob','RHOB','2137','20515','0704','(202) 225-5541','20201103','20210103','CT04',NULL,NULL),('H001052','Harris, Andy','Harris','Andy',NULL,'HARRIS,ANDY',NULL,'Mr.',116,'Andy Harris','Mr. Harris','R','R','MD','1st','Cockeysville','RHOB','2334','20515','2001','(202) 225-5311','20201103','20210103','MD01',NULL,NULL),('H001053','Hartzler, Vicky','Hartzler','Vicky',NULL,'HARTZLER,VICKY',NULL,'Mrs.',116,'Vicky Hartzler','Mrs. Hartzler','R','R','MO','4th','Harrisonville','RHOB','2235','20515','2504','(202) 225-2876','20201103','20210103','MO04',NULL,NULL),('H001056','Herrera Beutler, Jaime','Herrera Beutler','Jaime',NULL,'HERRERABEUTLER,JAIME',NULL,'Ms.',116,'Jaime Herrera Beutler','Ms. Herrera Beutler','R','R','WA','3rd','Battle Ground','RHOB','2352','20515','4703','(202) 225-3536','20201103','20210103','WA03',NULL,NULL),('H001058','Huizenga, Bill','Huizenga','Bill',NULL,'HUIZENGA,BILL',NULL,'Mr.',116,'Bill Huizenga','Mr. Huizenga','R','R','MI','2nd','Holland','RHOB','2232','20515','2202','(202) 225-4401','20201103','20210103','MI02',NULL,NULL),('H001066','Horsford, Steven','Horsford','Steven',NULL,'HORSFORD,STEVEN',NULL,'Mr.',116,'Steven Horsford','Mr. Horsford','D','D','NV','4th','Las Vegas','CHOB','562','20515','2804','(202) 225-9894','20201103','20210103','NV04',NULL,NULL),('H001067','Hudson, Richard','Hudson','Richard',NULL,'HUDSON,RICHARD',NULL,'Mr.',116,'Richard Hudson','Mr. Hudson','R','R','NC','8th','Concord','RHOB','2112','20515','3308','(202) 225-3715','20201103','20210103','NC08',NULL,NULL),('H001068','Huffman, Jared','Huffman','Jared',NULL,'HUFFMAN,JARED',NULL,'Mr.',116,'Jared Huffman','Mr. Huffman','D','D','CA','2nd','San Rafael','LHOB','1527','20515','0502','(202) 225-5161','20201103','20210103','CA02',NULL,NULL),('H001071','Hice, Jody','Hice','Jody','B.','HICE,JODY',NULL,'Mr.',116,'Jody B. Hice','Mr. Hice of Georgia','R','R','GA','10th','Greensboro','CHOB','404','20515','1010','(202) 225-4101','20201103','20210103','GA10',NULL,NULL),('H001072','Hill, J.','Hill','J.','French','HILL,J.',NULL,'Mr.',116,'J. Hill','Mr. Hill','R','R','AR','2nd','Little Rock','LHOB','1533','20515','0402','(202) 225-2506','20201103','20210103','AR02',NULL,NULL),('H001074','Hollingsworth, Trey','Hollingsworth','Trey',NULL,'HOLLINGSWORTH,TREY',NULL,'Mr.',116,'Trey Hollingsworth','Mr. Hollingsworth','R','R','IN','9th','Jeffersonville','LHOB','1641','20515','1409','(202) 225-5315','20201103','20210103','IN09',NULL,NULL),('H001077','Higgins, Clay','Higgins','Clay',NULL,'HIGGINS,CLAY',NULL,'Mr.',116,'Clay Higgins','Mr. Higgins of Louisiana','R','R','LA','3rd','Lafayette','CHOB','572','20515','1803','(202) 225-2031','20201103','20210103','LA03',NULL,NULL),('H001081','Hayes, Jahana','Hayes','Jahana',NULL,'HAYES,JAHANA',NULL,'Mrs.',116,'Jahana Hayes','Mrs. Hayes','D','D','CT','5th','Wolcott','LHOB','1415','20515','0705','(202) 225-4476','20201103','20210103','CT05',NULL,NULL),('H001082','Hern, Kevin','Hern','Kevin',NULL,'HERN,KEVIN',NULL,'Mr.',116,'Kevin Hern','Mr. Hern','R','R','OK','1st','Tulsa','LHOB','1019','20515','3601','(202) 225-2211','20201103','20210103','OK01',NULL,NULL),('H001084','Herrell, Yvette','Herrell','Yvette',NULL,'HERRELL,YVETTE',NULL,'Ms.',0,'Yvette Herrell','Ms. Herrell','R','R','NM','2nd','Alamogordo','LHOB','1305','20515','3102','(202) 225-2365','20201103','20210103','NM02',NULL,NULL),('H001085','Houlahan, Chrissy','Houlahan','Chrissy',NULL,'HOULAHAN,CHRISSY',NULL,'Ms.',116,'Chrissy Houlahan','Ms. Houlahan','D','D','PA','6th','Devon','LHOB','1218','20515','3806','(202) 225-4315','20201103','20210103','PA06',NULL,NULL),('H001086','Harshbarger, Diana','Harshbarger','Diana',NULL,'HARSHBARGER,DIANA',NULL,'Mrs.',0,'Diana Harshbarger','Mrs. Harshbarger','R','R','TN','1st','Kingsport','CHOB','167','20515','4201','(202) 225-6356','20201103','20210103','TN01',NULL,NULL),('H001088','Hagedorn, Jim','Hagedorn','Jim',NULL,'HAGEDORN,JIM',NULL,'Mr.',116,'Jim Hagedorn','Mr. Hagedorn','R','R','MN','1st','Blue Earth','LHOB','1433','20515','2301','(202) 225-2472','20201103','20210103','MN01',NULL,NULL),('H001090','Harder, Josh','Harder','Josh',NULL,'HARDER,JOSH',NULL,'Mr.',116,'Josh Harder','Mr. Harder of California','D','D','CA','10th','Turlock','CHOB','209','20515','0510','(202) 225-4540','20201103','20210103','CA10',NULL,NULL),('H001091','Hinson, Ashley','Hinson','Ashley',NULL,'HINSON,ASHLEY',NULL,'Mrs.',0,'Ashley Hinson','Mrs. Hinson','R','R','IA','1st','Marion','LHOB','1429','20515','1501','(202) 225-2911','20201103','20210103','IA01',NULL,NULL),('I000056','Issa, Darrell','Issa','Darrell',NULL,'ISSA,DARRELL',NULL,'Mr.',115,'Darrell Issa','Mr. Issa','R','R','CA','50th','San Diego','RHOB','2300','20515','0550','(202) 225-5672','20201103','20210103','CA50',NULL,NULL),('J000020','Jacobs, Chris','Jacobs','Chris',NULL,'JACOBS,CHRIS',NULL,'Mr.',116,'Chris Jacobs','Mr. Jacobs of New York','R','R','NY','27th','Orchard Park','CHOB','214','20515','3227','(202) 225-5265','20201103','20210103','NY27',NULL,NULL),('J000032','Jackson Lee, Sheila','Jackson Lee','Sheila',NULL,'JACKSONLEE,SHEILA',NULL,'Ms.',116,'Sheila Jackson Lee','Ms. Jackson Lee','D','D','TX','18th','Houston','RHOB','2426','20515','4318','(202) 225-3816','20201103','20210103','TX18',NULL,NULL),('J000126','Johnson, Eddie','Johnson','Eddie','Bernice','JOHNSON,EDDIE',NULL,'Ms.',116,'Eddie Bernice Johnson','Ms. Johnson of Texas','D','D','TX','30th','Dallas','RHOB','2306','20515','4330','(202) 225-8885','20201103','20210103','TX30',NULL,NULL),('J000288','Johnson, Henry','Johnson','Henry','C. \"Hank\"','JOHNSON,HENRY','Jr.','Mr.',116,'Henry C. \"Hank\" Johnson, Jr.','Mr. Johnson of Georgia','D','D','GA','4th','Lithonia','RHOB','2240','20515','1004','(202) 225-1605','20201103','20210103','GA04',NULL,NULL),('J000289','Jordan, Jim','Jordan','Jim',NULL,'JORDAN,JIM',NULL,'Mr.',116,'Jim Jordan','Mr. Jordan','R','R','OH','4th','Urbana','RHOB','2056','20515','3504','(202) 225-2676','20201103','20210103','OH04',NULL,NULL),('J000292','Johnson, Bill','Johnson','Bill',NULL,'JOHNSON,BILL',NULL,'Mr.',116,'Bill Johnson','Mr. Johnson of Ohio','R','R','OH','6th','Marietta','RHOB','2336','20515','3506','(202) 225-5705','20201103','20210103','OH06',NULL,NULL),('J000294','Jeffries, Hakeem','Jeffries','Hakeem','S.','JEFFRIES,HAKEEM',NULL,'Mr.',116,'Hakeem S. Jeffries','Mr. Jeffries','D','D','NY','8th','Brooklyn','RHOB','2433','20515','3208','(202) 225-5936','20201103','20210103','NY08',NULL,NULL),('J000295','Joyce, David','Joyce','David','P.','JOYCE,DAVID',NULL,'Mr.',116,'David P. Joyce','Mr. Joyce of Ohio','R','R','OH','14th','Russell Township','RHOB','2065','20515','3514','(202) 225-5731','20201103','20210103','OH14',NULL,NULL),('J000298','Jayapal, Pramila','Jayapal','Pramila',NULL,'JAYAPAL,PRAMILA',NULL,'Ms.',116,'Pramila Jayapal','Ms. Jayapal','D','D','WA','7th','Seattle','RHOB','2346','20515','4707','(202) 225-3106','20201103','20210103','WA07',NULL,NULL),('J000299','Johnson, Mike','Johnson','Mike',NULL,'JOHNSON,MIKE',NULL,'Mr.',116,'Mike Johnson','Mr. Johnson of Louisiana','R','R','LA','4th','Benton','CHOB','568','20515','1804','(202) 225-2777','20201103','20210103','LA04',NULL,NULL),('J000301','Johnson, Dusty','Johnson','Dusty',NULL,'JOHNSON,DUSTY',NULL,'Mr.',116,'Dusty Johnson','Mr. Johnson of South Dakota','R','R','SD','At Large','Mitchell','LHOB','1714','20515','4100','(202) 225-2801','20201103','20210103','SD00',NULL,NULL),('J000302','Joyce, John','Joyce','John',NULL,'JOYCE,JOHN',NULL,'Mr.',116,'John Joyce','Mr. Joyce of Pennsylvania','R','R','PA','13th','Hollidaysburg','LHOB','1221','20515','3813','(202) 225-2431','20201103','20210103','PA13',NULL,NULL),('J000304','Jackson, Ronny','Jackson','Ronny',NULL,'JACKSON,RONNY',NULL,'Mr.',0,'Ronny Jackson','Mr. Jackson','R','R','TX','13th','Amarillo','CHOB','118','20515','4313','(202) 225-3706','20201103','20210103','TX13',NULL,NULL),('J000305','Jacobs, Sara','Jacobs','Sara',NULL,'JACOBS,SARA',NULL,'Ms.',0,'Sara Jacobs','Ms. Jacobs of California','D','D','CA','53rd','San Diego','LHOB','1232','20515','0553','(202) 225-2040','20201103','20210103','CA53',NULL,NULL),('J000306','Jones, Mondaire','Jones','Mondaire',NULL,'JONES,MONDAIRE',NULL,'Mr.',0,'Mondaire Jones','Mr. Jones','D','D','NY','17th','Westchester County','LHOB','1017','20515','3217','(202) 225-6506','20201103','20210103','NY17',NULL,NULL),('K000009','Kaptur, Marcy','Kaptur','Marcy',NULL,'KAPTUR,MARCY',NULL,'Ms.',116,'Marcy Kaptur','Ms. Kaptur','D','D','OH','9th','Toledo','RHOB','2186','20515','3509','(202) 225-4146','20201103','20210103','OH09',NULL,NULL),('K000188','Kind, Ron','Kind','Ron',NULL,'KIND,RON',NULL,'Mr.',116,'Ron Kind','Mr. Kind','D','D','WI','3rd','La Crosse','LHOB','1502','20515','4903','(202) 225-5506','20201103','20210103','WI03',NULL,NULL),('K000368','Kirkpatrick, Ann','Kirkpatrick','Ann',NULL,'KIRKPATRICK,ANN',NULL,'Mrs.',116,'Ann Kirkpatrick','Mrs. Kirkpatrick','D','D','AZ','2nd','Tucson','CHOB','309','20515','0302','(202) 225-2542','20201103','20210103','AZ02',NULL,NULL),('K000375','Keating, William','Keating','William','R.','KEATING,WILLIAM',NULL,'Mr.',116,'William R. Keating','Mr. Keating','D','D','MA','9th','Bourne','RHOB','2351','20515','2109','(202) 225-3111','20201103','20210103','MA09',NULL,NULL),('K000376','Kelly, Mike','Kelly','Mike',NULL,'KELLY,MIKE',NULL,'Mr.',116,'Mike Kelly','Mr. Kelly of Pennsylvania','R','R','PA','16th','Butler','LHOB','1707','20515','3816','(202) 225-5406','20201103','20210103','PA16',NULL,NULL),('K000378','Kinzinger, Adam','Kinzinger','Adam',NULL,'KINZINGER,ADAM',NULL,'Mr.',116,'Adam Kinzinger','Mr. Kinzinger','R','R','IL','16th','Channahon','RHOB','2245','20515','1316','(202) 225-3635','20201103','20210103','IL16',NULL,NULL),('K000380','Kildee, Daniel','Kildee','Daniel','T.','KILDEE,DANIEL',NULL,'Mr.',116,'Daniel T. Kildee','Mr. Kildee','D','D','MI','5th','Flushing','CHOB','200','20515','2205','(202) 225-3611','20201103','20210103','MI05',NULL,NULL),('K000381','Kilmer, Derek','Kilmer','Derek',NULL,'KILMER,DEREK',NULL,'Mr.',116,'Derek Kilmer','Mr. Kilmer','D','D','WA','6th','Gig Harbor','RHOB','2059','20515','4706','(202) 225-5916','20201103','20210103','WA06',NULL,NULL),('K000382','Kuster, Ann','Kuster','Ann','M.','KUSTER,ANN',NULL,'Ms.',116,'Ann Kuster','Ms. Kuster','D','D','NH','2nd','Hopkinton','CHOB','320','20515','2902','(202) 225-5206','20201103','20210103','NH02',NULL,NULL),('K000385','Kelly, Robin','Kelly','Robin','L.','KELLY,ROBIN',NULL,'Ms.',116,'Robin L. Kelly','Ms. Kelly of Illinois','D','D','IL','2nd','Matteson','RHOB','2416','20515','1302','(202) 225-0773','20201103','20210103','IL02',NULL,NULL),('K000386','Katko, John','Katko','John',NULL,'KATKO,JOHN',NULL,'Mr.',116,'John Katko','Mr. Katko','R','R','NY','24th','Syracuse','RHOB','2428','20515','3224','(202) 225-3701','20201103','20210103','NY24',NULL,NULL),('K000388','Kelly, Trent','Kelly','Trent',NULL,'KELLY,TRENT',NULL,'Mr.',116,'Trent Kelly','Mr. Kelly of Mississippi','R','R','MS','1st','Saltillo','RHOB','2243','20515','2401','(202) 225-4306','20201103','20210103','MS01',NULL,NULL),('K000389','Khanna, Ro','Khanna','Ro',NULL,'KHANNA,RO',NULL,'Mr.',116,'Ro Khanna','Mr. Khanna','D','D','CA','17th','Fremont','CHOB','306','20515','0517','(202) 225-2631','20201103','20210103','CA17',NULL,NULL),('K000391','Krishnamoorthi, Raja','Krishnamoorthi','Raja',NULL,'KRISHNAMOORTHI,RAJA',NULL,'Mr.',116,'Raja Krishnamoorthi','Mr. Krishnamoorthi','D','D','IL','8th','Schaumburg','CHOB','115','20515','1308','(202) 225-3711','20201103','20210103','IL08',NULL,NULL),('K000392','Kustoff, David','Kustoff','David',NULL,'KUSTOFF,DAVID',NULL,'Mr.',116,'David Kustoff','Mr. Kustoff','R','R','TN','8th','Germantown','CHOB','560','20515','4208','(202) 225-4714','20201103','20210103','TN08',NULL,NULL),('K000394','Kim, Andy','Kim','Andy',NULL,'KIM,ANDY',NULL,'Mr.',116,'Andy Kim','Mr. Kim of New Jersey','D','D','NJ','3rd','Bordentown','RHOB','2444','20515','3003','(202) 225-4765','20201103','20210103','NJ03',NULL,NULL),('K000395','Keller, Fred','Keller','Fred',NULL,'KELLER,FRED',NULL,'Mr.',116,'Fred Keller','Mr. Keller','R','R','PA','12th','Middleburg','LHOB','1717','20515','3812','(202) 225-3731','20201103','20210103','PA12',NULL,NULL),('K000396','Kahele, Kaiali\'i','Kahele','Kaiali\'i',NULL,'KAHELE,KAIALII',NULL,'Mr.',0,'Kaiali\'i Kahele','Mr. Kahele','D','D','HI','2nd','Hilo','LHOB','1205','20515','1102','(202) 225-4906','20201103','20210103','HI02',NULL,NULL),('K000397','Kim, Young','Kim','Young',NULL,'KIM,YOUNG',NULL,'Mrs.',0,'Young Kim','Mrs. Kim of California','R','R','CA','39th','La Habra','LHOB','1306','20515','0539','(202) 225-4111','20201103','20210103','CA39',NULL,NULL),('L000266','LaTurner, Jake','LaTurner','Jake',NULL,'LATURNER,JAKE',NULL,'Mr.',0,'Jake LaTurner','Mr. LaTurner','R','R','KS','2nd','Topeka','LHOB','1630','20515','1602','(202) 225-6601','20201103','20210103','KS02',NULL,NULL),('L000273','Leger Fernandez, Teresa','Leger Fernandez','Teresa',NULL,'LEGERFERNANDEZ,TERESA',NULL,'Ms.',0,'Teresa Leger Fernandez','Ms. Leger Fernandez','D','D','NM','3rd','Santa Fe','LHOB','1432','20515','3103','(202) 225-6190','20201103','20210103','NM03',NULL,NULL),('L000397','Lofgren, Zoe','Lofgren','Zoe',NULL,'LOFGREN,ZOE',NULL,'Ms.',116,'Zoe Lofgren','Ms. Lofgren','D','D','CA','19th','San José','LHOB','1401','20515','0519','(202) 225-3072','20201103','20210103','CA19',NULL,NULL),('L000491','Lucas, Frank','Lucas','Frank','D.','LUCAS,FRANK',NULL,'Mr.',116,'Frank D. Lucas','Mr. Lucas','R','R','OK','3rd','Cheyenne','RHOB','2405','20515','3603','(202) 225-5565','20201103','20210103','OK03',NULL,NULL),('L000551','Lee, Barbara','Lee','Barbara',NULL,'LEE,BARBARA',NULL,'Ms.',116,'Barbara Lee','Ms. Lee of California','D','D','CA','13th','Oakland','RHOB','2470','20515','0513','(202) 225-2661','20201103','20210103','CA13',NULL,NULL),('L000557','Larson, John','Larson','John','B.','LARSON,JOHN',NULL,'Mr.',116,'John B. Larson','Mr. Larson of Connecticut','D','D','CT','1st','East Hartford','LHOB','1501','20515','0701','(202) 225-2265','20201103','20210103','CT01',NULL,NULL),('L000559','Langevin, James','Langevin','James','R.','LANGEVIN,JAMES',NULL,'Mr.',116,'James R. Langevin','Mr. Langevin','D','D','RI','2nd','Warwick','RHOB','2077','20515','3902','(202) 225-2735','20201103','20210103','RI02',NULL,NULL),('L000560','Larsen, Rick','Larsen','Rick',NULL,'LARSEN,RICK',NULL,'Mr.',116,'Rick Larsen','Mr. Larsen of Washington','D','D','WA','2nd','Everett','RHOB','2163','20515','4702','(202) 225-2605','20201103','20210103','WA02',NULL,NULL),('L000562','Lynch, Stephen','Lynch','Stephen','F.','LYNCH,STEPHEN',NULL,'Mr.',116,'Stephen F. Lynch','Mr. Lynch','D','D','MA','8th','South Boston','RHOB','2109','20515','2108','(202) 225-8273','20201103','20210103','MA08',NULL,NULL),('L000564','Lamborn, Doug','Lamborn','Doug',NULL,'LAMBORN,DOUG',NULL,'Mr.',116,'Doug Lamborn','Mr. Lamborn','R','R','CO','5th','Colorado Springs','RHOB','2371','20515','0605','(202) 225-4422','20201103','20210103','CO05',NULL,NULL),('L000566','Latta, Robert','Latta','Robert','E.','LATTA,ROBERT',NULL,'Mr.',116,'Robert E. Latta','Mr. Latta','R','R','OH','5th','Bowling Green','RHOB','2467','20515','3505','(202) 225-6405','20201103','20210103','OH05',NULL,NULL),('L000569','Luetkemeyer, Blaine','Luetkemeyer','Blaine',NULL,'LUETKEMEYER,BLAINE',NULL,'Mr.',116,'Blaine Luetkemeyer','Mr. Luetkemeyer','R','R','MO','3rd','St. Elizabeth','RHOB','2230','20515','2503','(202) 225-2956','20201103','20210103','MO03',NULL,NULL),('L000576','Long, Billy','Long','Billy',NULL,'LONG,BILLY',NULL,'Mr.',116,'Billy Long','Mr. Long','R','R','MO','7th','Springfield','RHOB','2454','20515','2507','(202) 225-6536','20201103','20210103','MO07',NULL,NULL),('L000578','LaMalfa, Doug','LaMalfa','Doug',NULL,'LAMALFA,DOUG',NULL,'Mr.',116,'Doug LaMalfa','Mr. LaMalfa','R','R','CA','1st','Oroville','CHOB','408','20515','0501','(202) 225-3076','20201103','20210103','CA01',NULL,NULL),('L000579','Lowenthal, Alan','Lowenthal','Alan','S.','LOWENTHAL,ALAN',NULL,'Mr.',116,'Alan S. Lowenthal','Mr. Lowenthal','D','D','CA','47th','Long Beach','CHOB','108','20515','0547','(202) 225-7924','20201103','20210103','CA47',NULL,NULL),('L000581','Lawrence, Brenda','Lawrence','Brenda','L.','LAWRENCE,BRENDA',NULL,'Mrs.',116,'Brenda L. Lawrence','Mrs. Lawrence','D','D','MI','14th','Southfield','RHOB','2463','20515','2214','(202) 225-5802','20201103','20210103','MI14',NULL,NULL),('L000582','Lieu, Ted','Lieu','Ted',NULL,'LIEU,TED',NULL,'Mr.',116,'Ted Lieu','Mr. Lieu','D','D','CA','33rd','Torrance','CHOB','403','20515','0533','(202) 225-3976','20201103','20210103','CA33',NULL,NULL),('L000583','Loudermilk, Barry','Loudermilk','Barry',NULL,'LOUDERMILK,BARRY',NULL,'Mr.',116,'Barry Loudermilk','Mr. Loudermilk','R','R','GA','11th','Cassville','RHOB','2133','20515','1011','(202) 225-2931','20201103','20210103','GA11',NULL,NULL),('L000585','LaHood, Darin','LaHood','Darin',NULL,'LAHOOD,DARIN',NULL,'Mr.',116,'Darin LaHood','Mr. LaHood','R','R','IL','18th','Peoria','LHOB','1424','20515','1318','(202) 225-6201','20201103','20210103','IL18',NULL,NULL),('L000586','Lawson, Al','Lawson','Al',NULL,'LAWSON,AL','Jr.','Mr.',116,'Al Lawson, Jr.','Mr. Lawson of Florida','D','D','FL','5th','Tallahassee','RHOB','2437','20515','0905','(202) 225-0123','20201103','20210103','FL05',NULL,NULL),('L000588','Lamb, Conor','Lamb','Conor',NULL,'LAMB,CONOR',NULL,'Mr.',116,'Conor Lamb','Mr. Lamb','D','D','PA','17th','Mt. Lebanon','LHOB','1224','20515','3817','(202) 225-2301','20201103','20210103','PA17',NULL,NULL),('L000589','Lesko, Debbie','Lesko','Debbie',NULL,'LESKO,DEBBIE',NULL,'Mrs.',116,'Debbie Lesko','Mrs. Lesko','R','R','AZ','8th','Peoria','LHOB','1214','20515','0308','(202) 225-4576','20201103','20210103','AZ08',NULL,NULL),('L000590','Lee, Susie','Lee','Susie',NULL,'LEE,SUSIE',NULL,'Mrs.',116,'Susie Lee','Mrs. Lee of Nevada','D','D','NV','3rd','Las Vegas','CHOB','365','20515','2803','(202) 225-3252','20201103','20210103','NV03',NULL,NULL),('L000591','Luria, Elaine','Luria','Elaine','G.','LURIA,ELAINE',NULL,'Mrs.',116,'Elaine G. Luria','Mrs. Luria','D','D','VA','2nd','Norfolk','CHOB','412','20515','4602','(202) 225-4215','20201103','20210103','VA02',NULL,NULL),('L000592','Levin, Andy','Levin','Andy',NULL,'LEVIN,ANDY',NULL,'Mr.',116,'Andy Levin','Mr. Levin of Michigan','D','D','MI','9th','Bloomfield Township','CHOB','312','20515','2209','(202) 225-4961','20201103','20210103','MI09',NULL,NULL),('L000593','Levin, Mike','Levin','Mike',NULL,'LEVIN,MIKE',NULL,'Mr.',116,'Mike Levin','Mr. Levin of California','D','D','CA','49th','San Juan Capistrano','LHOB','1030','20515','0549','(202) 225-3906','20201103','20210103','CA49',NULL,NULL),('L000595','Letlow, Julia','Letlow','Julia',NULL,'LETLOW,JULIA',NULL,'Ms.',0,'Julia Letlow','Ms. Letlow','R','R','LA','5th','Start','LHOB','1408','20515','1805','(202) 225-8490','20210320','20210414','LA05','0','Elected March 20, 2021, to fill the vacancy due to the death of Luke J. Letlow, December 29, 2020.'),('M000087','Maloney, Carolyn','Maloney','Carolyn','B.','MALONEY,CAROLYN',NULL,'Mrs.',116,'Carolyn B. Maloney','Mrs. Carolyn B. Maloney of New York','D','D','NY','12th','New York','RHOB','2308','20515','3212','(202) 225-7944','20201103','20210103','NY12',NULL,NULL),('M000194','Mace, Nancy','Mace','Nancy',NULL,'MACE,NANCY',NULL,'Ms.',0,'Nancy Mace','Ms. Mace','R','R','SC','1st','Charleston','CHOB','212','20515','4001','(202) 225-3176','20201103','20210103','SC01',NULL,NULL),('M000312','McGovern, James','McGovern','James','P.','MCGOVERN,JAMES',NULL,'Mr.',116,'James P. McGovern','Mr. McGovern','D','D','MA','2nd','Worcester','CHOB','370','20515','2102','(202) 225-6101','20201103','20210103','MA02',NULL,NULL),('M000317','Malliotakis, Nicole','Malliotakis','Nicole',NULL,'MALLIOTAKIS,NICOLE',NULL,'Ms.',0,'Nicole Malliotakis','Ms. Malliotakis','R','R','NY','11th','Staten Island','CHOB','417','20515','3211','(202) 225-3371','20201103','20210103','NY11',NULL,NULL),('M000687','Mfume, Kweisi','Mfume','Kweisi',NULL,'MFUME,KWEISI',NULL,'Mr.',116,'Kweisi Mfume','Mr. Mfume','D','D','MD','7th','Baltimore','RHOB','2263','20515','2007','(202) 225-4741','20201103','20210103','MD07',NULL,NULL),('M000871','Mann, Tracey','Mann','Tracey',NULL,'MANN,TRACEY',NULL,'Mr.',0,'Tracey Mann','Mr. Mann','R','R','KS','1st','Salina','CHOB','522','20515','1601','(202) 225-2715','20201103','20210103','KS01',NULL,NULL),('M001135','Manning, Kathy','Manning','Kathy','E.','MANNING,KATHY',NULL,'Ms.',0,'Kathy E. Manning','Ms. Manning','D','D','NC','6th','Greensboro','CHOB','415','20515','3306','(202) 225-3065','20201103','20210103','NC06',NULL,NULL),('M001136','McClain, Lisa','McClain','Lisa','C.','MCCLAIN,LISA',NULL,'Mrs.',0,'Lisa C. McClain','Mrs. McClain','R','R','MI','10th','Bruce','CHOB','218','20515','2210','(202) 225-2106','20201103','20210103','MI10',NULL,NULL),('M001137','Meeks, Gregory','Meeks','Gregory','W.','MEEKS,GREGORY',NULL,'Mr.',116,'Gregory W. Meeks','Mr. Meeks','D','D','NY','5th','Queens','RHOB','2310','20515','3205','(202) 225-3461','20201103','20210103','NY05',NULL,NULL),('M001143','McCollum, Betty','McCollum','Betty',NULL,'MCCOLLUM,BETTY',NULL,'Ms.',116,'Betty McCollum','Ms. McCollum','D','D','MN','4th','St. Paul','RHOB','2256','20515','2304','(202) 225-6631','20201103','20210103','MN04',NULL,NULL),('M001156','McHenry, Patrick','McHenry','Patrick','T.','MCHENRY,PATRICK',NULL,'Mr.',116,'Patrick T. McHenry','Mr. McHenry','R','R','NC','10th','Lake Norman','RHOB','2004','20515','3310','(202) 225-2576','20201103','20210103','NC10',NULL,NULL),('M001157','McCaul, Michael','McCaul','Michael','T.','MCCAUL,MICHAEL',NULL,'Mr.',116,'Michael T. McCaul','Mr. McCaul','R','R','TX','10th','Austin','RHOB','2001','20515','4310','(202) 225-2401','20201103','20210103','TX10',NULL,NULL),('M001159','Rodgers, Cathy','Rodgers','Cathy','McMorris','RODGERS,CATHY',NULL,'Mrs.',116,'Cathy McMorris Rodgers','Mrs. Rodgers of Washington','R','R','WA','5th','Spokane','LHOB','1035','20515','4705','(202) 225-2006','20201103','20210103','WA05',NULL,NULL),('M001160','Moore, Gwen','Moore','Gwen',NULL,'MOORE,GWEN',NULL,'Ms.',116,'Gwen Moore','Ms. Moore of Wisconsin','D','D','WI','4th','Milwaukee','RHOB','2252','20515','4904','(202) 225-4572','20201103','20210103','WI04',NULL,NULL),('M001163','Matsui, Doris','Matsui','Doris','O.','MATSUI,DORIS',NULL,'Ms.',116,'Doris O. Matsui','Ms. Matsui','D','D','CA','6th','Sacramento','RHOB','2311','20515','0506','(202) 225-7163','20201103','20210103','CA06',NULL,NULL),('M001165','McCarthy, Kevin','McCarthy','Kevin',NULL,'MCCARTHY,KEVIN',NULL,'Mr.',116,'Kevin McCarthy','Mr. McCarthy','R','R','CA','23rd','Bakersfield','RHOB','2468','20515','0523','(202) 225-2915','20201103','20210103','CA23',NULL,NULL),('M001166','McNerney, Jerry','McNerney','Jerry',NULL,'MCNERNEY,JERRY',NULL,'Mr.',116,'Jerry McNerney','Mr. McNerney','D','D','CA','9th','Stockton','RHOB','2265','20515','0509','(202) 225-1947','20201103','20210103','CA09',NULL,NULL),('M001177','McClintock, Tom','McClintock','Tom',NULL,'MCCLINTOCK,TOM',NULL,'Mr.',116,'Tom McClintock','Mr. McClintock','R','R','CA','4th','Elk Grove','RHOB','2312','20515','0504','(202) 225-2511','20201103','20210103','CA04',NULL,NULL),('M001180','McKinley, David','McKinley','David','B.','MCKINLEY,DAVID',NULL,'Mr.',116,'David B. McKinley','Mr. McKinley','R','R','WV','1st','Wheeling','RHOB','2239','20515','4801','(202) 225-4172','20201103','20210103','WV01',NULL,NULL),('M001184','Massie, Thomas','Massie','Thomas',NULL,'MASSIE,THOMAS',NULL,'Mr.',116,'Thomas Massie','Mr. Massie','R','R','KY','4th','Garrison','RHOB','2453','20515','1704','(202) 225-3465','20201103','20210103','KY04',NULL,NULL),('M001185','Maloney, Sean','Maloney','Sean','Patrick','MALONEY,SEAN',NULL,'Mr.',116,'Sean Patrick Maloney','Mr. Sean Patrick Maloney of New York','D','D','NY','18th','Cold Spring','CHOB','464','20515','3218','(202) 225-5441','20201103','20210103','NY18',NULL,NULL),('M001186','Meijer, Peter','Meijer','Peter',NULL,'MEIJER,PETER',NULL,'Mr.',0,'Peter Meijer','Mr. Meijer','R','R','MI','3rd','Grand Rapids','LHOB','1508','20515','2203','(202) 225-3831','20201103','20210103','MI03',NULL,NULL),('M001188','Meng, Grace','Meng','Grace',NULL,'MENG,GRACE',NULL,'Ms.',116,'Grace Meng','Ms. Meng','D','D','NY','6th','Queens','RHOB','2209','20515','3206','(202) 225-2601','20201103','20210103','NY06',NULL,NULL),('M001190','Mullin, Markwayne','Mullin','Markwayne',NULL,'MULLIN,MARKWAYNE',NULL,'Mr.',116,'Markwayne Mullin','Mr. Mullin','R','R','OK','2nd','Westville','RHOB','2421','20515','3602','(202) 225-2701','20201103','20210103','OK02',NULL,NULL),('M001194','Moolenaar, John','Moolenaar','John','R.','MOOLENAAR,JOHN',NULL,'Mr.',116,'John R. Moolenaar','Mr. Moolenaar','R','R','MI','4th','Midland','CHOB','117','20515','2204','(202) 225-3561','20201103','20210103','MI04',NULL,NULL),('M001195','Mooney, Alexander','Mooney','Alexander','X.','MOONEY,ALEXANDER',NULL,'Mr.',116,'Alexander Mooney','Mr. Mooney','R','R','WV','2nd','Charles Town','RHOB','2228','20515','4802','(202) 225-2711','20201103','20210103','WV02',NULL,NULL),('M001196','Moulton, Seth','Moulton','Seth',NULL,'MOULTON,SETH',NULL,'Mr.',116,'Seth Moulton','Mr. Moulton','D','D','MA','6th','Salem','LHOB','1127','20515','2106','(202) 225-8020','20201103','20210103','MA06',NULL,NULL),('M001199','Mast, Brian','Mast','Brian','J.','MAST,BRIAN',NULL,'Mr.',116,'Brian J. Mast','Mr. Mast','R','R','FL','18th','Palm City','RHOB','2182','20515','0918','(202) 225-3026','20201103','20210103','FL18',NULL,NULL),('M001200','McEachin, A.','McEachin','A.','Donald','MCEACHIN,A.',NULL,'Mr.',116,'A. Donald McEachin','Mr. McEachin','D','D','VA','4th','Richmond','CHOB','314','20515','4604','(202) 225-6365','20201103','20210103','VA04',NULL,NULL),('M001202','Murphy, Stephanie','Murphy','Stephanie','N.','MURPHY,STEPHANIE',NULL,'Mrs.',116,'Stephanie N. Murphy','Mrs. Murphy of Florida','D','D','FL','7th','Winter Park','LHOB','1710','20515','0907','(202) 225-4035','20201103','20210103','FL07',NULL,NULL),('M001203','Malinowski, Tom','Malinowski','Tom',NULL,'MALINOWSKI,TOM',NULL,'Mr.',116,'Tom Malinowski','Mr. Malinowski','D','D','NJ','7th','Rocky Hill','LHOB','1318','20515','3007','(202) 225-5361','20201103','20210103','NJ07',NULL,NULL),('M001204','Meuser, Daniel','Meuser','Daniel',NULL,'MEUSER,DANIEL',NULL,'Mr.',116,'Daniel Meuser','Mr. Meuser','R','R','PA','9th','Dallas','CHOB','414','20515','3809','(202) 225-6511','20201103','20210103','PA09',NULL,NULL),('M001205','Miller, Carol','Miller','Carol','D.','MILLER,CAROL',NULL,'Mrs.',116,'Carol D. Miller','Mrs. Miller of West Virginia','R','R','WV','3rd','Huntington','CHOB','465','20515','4803','(202) 225-3452','20201103','20210103','WV03',NULL,NULL),('M001206','Morelle, Joseph','Morelle','Joseph','D.','MORELLE,JOSEPH',NULL,'Mr.',116,'Joseph D. Morelle','Mr. Morelle','D','D','NY','25th','Irondequoit','LHOB','1317','20515','3225','(202) 225-3615','20201103','20210103','NY25',NULL,NULL),('M001208','McBath, Lucy','McBath','Lucy',NULL,'MCBATH,LUCY',NULL,'Mrs.',116,'Lucy McBath','Mrs. McBath','D','D','GA','6th','Marietta','LHOB','1513','20515','1006','(202) 225-4501','20201103','20210103','GA06',NULL,NULL),('M001210','Murphy, Gregory','Murphy','Gregory','F.','MURPHY,GREGORY',NULL,'Mr.',116,'Gregory F. Murphy','Mr. Murphy of North Carolina','R','R','NC','3rd','Greenville','CHOB','313','20515','3303','(202) 225-3415','20201103','20210103','NC03',NULL,NULL),('M001211','Miller, Mary','Miller','Mary','E.','MILLER,MARY',NULL,'Mrs.',0,'Mary E. Miller','Mrs. Miller of Illinois','R','R','IL','15th','Oakland','LHOB','1529','20515','1315','(202) 225-5271','20201103','20210103','IL15',NULL,NULL),('M001212','Moore, Barry','Moore','Barry',NULL,'MOORE,BARRY',NULL,'Mr.',0,'Barry Moore','Mr. Moore of Alabama','R','R','AL','2nd','Enterprise','LHOB','1504','20515','0102','(202) 225-2901','20201103','20210103','AL02',NULL,NULL),('M001213','Moore, Blake','Moore','Blake','D.','MOORE,BLAKE',NULL,'Mr.',0,'Blake D. Moore','Mr. Moore of Utah','R','R','UT','1st','Salt Lake City','LHOB','1320','20515','4401','(202) 225-0453','20201103','20210103','UT01',NULL,NULL),('M001214','Mrvan, Frank','Mrvan','Frank','J.','MRVAN,FRANK',NULL,'Mr.',0,'Frank J. Mrvan','Mr. Mrvan','D','D','IN','1st','Highland','LHOB','1607','20515','1401','(202) 225-2461','20201103','20210103','IN01',NULL,NULL),('M001215','Miller-Meeks, Mariannette','Miller-Meeks','Mariannette',NULL,'MILLERMEEKS,MARIANNETTE',NULL,'Mrs.',0,'Mariannette Miller-Meeks','Mrs. Miller-Meeks','R','R','IA','2nd','Ottumwa','LHOB','1716','20515','1502','(202) 225-6576','20201103','20210103','IA02',NULL,NULL),('N000002','Nadler, Jerrold','Nadler','Jerrold',NULL,'NADLER,JERROLD',NULL,'Mr.',116,'Jerrold Nadler','Mr. Nadler','D','D','NY','10th','New York','RHOB','2132','20515','3210','(202) 225-5635','20201103','20210103','NY10',NULL,NULL),('N000015','Neal, Richard','Neal','Richard','E.','NEAL,RICHARD',NULL,'Mr.',116,'Richard E. Neal','Mr. Neal','D','D','MA','1st','Springfield','CHOB','372','20515','2101','(202) 225-5601','20201103','20210103','MA01',NULL,NULL),('N000026','Nehls, Troy','Nehls','Troy','E.','NEHLS,TROY',NULL,'Mr.',0,'Troy E. Nehls','Mr. Nehls','R','R','TX','22nd','Richmond','LHOB','1104','20515','4322','(202) 225-5951','20201103','20210103','TX22',NULL,NULL),('N000147','Norton, Eleanor','Norton','Eleanor','Holmes','NORTON,ELEANOR',NULL,'Ms.',116,'Eleanor Holmes Norton','Ms. Norton','D','D','DC','Delegate','District of Columbia','RHOB','2136','20515','5101','(202) 225-8050','20201103','20210103','DC00',NULL,NULL),('N000179','Napolitano, Grace','Napolitano','Grace','F.','NAPOLITANO,GRACE',NULL,'Mrs.',116,'Grace F. Napolitano','Mrs. Napolitano','D','D','CA','32nd','Norwalk','LHOB','1610','20515','0532','(202) 225-5256','20201103','20210103','CA32',NULL,NULL),('N000181','Nunes, Devin','Nunes','Devin',NULL,'NUNES,DEVIN',NULL,'Mr.',116,'Devin Nunes','Mr. Nunes','R','R','CA','22nd','Tulare','LHOB','1013','20515','0522','(202) 225-2523','20201103','20210103','CA22',NULL,NULL),('N000188','Norcross, Donald','Norcross','Donald',NULL,'NORCROSS,DONALD',NULL,'Mr.',116,'Donald Norcross','Mr. Norcross','D','D','NJ','1st','Camden City','RHOB','2427','20515','3001','(202) 225-6501','20201103','20210103','NJ01',NULL,NULL),('N000189','Newhouse, Dan','Newhouse','Dan',NULL,'NEWHOUSE,DAN',NULL,'Mr.',116,'Dan Newhouse','Mr. Newhouse','R','R','WA','4th','Sunnyside','CHOB','504','20515','4704','(202) 225-5816','20201103','20210103','WA04',NULL,NULL),('N000190','Norman, Ralph','Norman','Ralph',NULL,'NORMAN,RALPH',NULL,'Mr.',116,'Ralph Norman','Mr. Norman','R','R','SC','5th','Rock Hill','CHOB','569','20515','4005','(202) 225-5501','20201103','20210103','SC05',NULL,NULL),('N000191','Neguse, Joe','Neguse','Joe',NULL,'NEGUSE,JOE',NULL,'Mr.',116,'Joe Neguse','Mr. Neguse','D','D','CO','2nd','Lafayette','LHOB','1419','20515','0602','(202) 225-2161','20201103','20210103','CO02',NULL,NULL),('N000192','Newman, Marie','Newman','Marie',NULL,'NEWMAN,MARIE',NULL,'Ms.',0,'Marie Newman','Ms. Newman','D','D','IL','3rd','La Grange','LHOB','1022','20515','1303','(202) 225-5701','20201103','20210103','IL03',NULL,NULL),('O000019','Obernolte, Jay','Obernolte','Jay',NULL,'OBERNOLTE,JAY',NULL,'Mr.',0,'Jay Obernolte','Mr. Obernolte','R','R','CA','8th','Big Bear Lake','LHOB','1029','20515','0508','(202) 225-5861','20201103','20210103','CA08',NULL,NULL),('O000086','Owens, Burgess','Owens','Burgess',NULL,'OWENS,BURGESS',NULL,'Mr.',0,'Burgess Owens','Mr. Owens','R','R','UT','4th','Salt Lake City','LHOB','1039','20515','4404','(202) 225-3011','20201103','20210103','UT04',NULL,NULL),('O000171','O\'Halleran, Tom','O\'Halleran','Tom',NULL,'OHALLERAN,TOM',NULL,'Mr.',116,'Tom O\'Halleran','Mr. O\'Halleran','D','D','AZ','1st','Sedona','CHOB','318','20515','0301','(202) 225-3361','20201103','20210103','AZ01',NULL,NULL),('O000172','Ocasio-Cortez, Alexandria','Ocasio-Cortez','Alexandria',NULL,'OCASIOCORTEZ,ALEXANDRIA',NULL,'Ms.',116,'Alexandria Ocasio-Cortez','Ms. Ocasio-Cortez','D','D','NY','14th','Bronx','CHOB','216','20515','3214','(202) 225-3965','20201103','20210103','NY14',NULL,NULL),('O000173','Omar, Ilhan','Omar','Ilhan',NULL,'OMAR,ILHAN',NULL,'Ms.',116,'Ilhan Omar','Ms. Omar','D','D','MN','5th','Minneapolis','LHOB','1730','20515','2305','(202) 225-4755','20201103','20210103','MN05',NULL,NULL),('P000034','Pallone, Frank','Pallone','Frank',NULL,'PALLONE,FRANK','Jr.','Mr.',116,'Frank Pallone, Jr.','Mr. Pallone','D','D','NJ','6th','Long Branch','RHOB','2107','20515','3006','(202) 225-4671','20201103','20210103','NJ06',NULL,NULL),('P000048','Pfluger, August','Pfluger','August',NULL,'PFLUGER,AUGUST',NULL,'Mr.',0,'August Pfluger','Mr. Pfluger','R','R','TX','11th','San Angelo','LHOB','1531','20515','4311','(202) 225-3605','20201103','20210103','TX11',NULL,NULL),('P000096','Pascrell, Bill','Pascrell','Bill',NULL,'PASCRELL,BILL','Jr.','Mr.',116,'Bill Pascrell, Jr.','Mr. Pascrell','D','D','NJ','9th','Paterson','RHOB','2409','20515','3009','(202) 225-5751','20201103','20210103','NJ09',NULL,NULL),('P000197','Pelosi, Nancy','Pelosi','Nancy',NULL,'PELOSI,NANCY',NULL,'Ms.',116,'Nancy Pelosi','Ms. Pelosi','D','D','CA','12th','San Francisco','LHOB','1236','20515','0512','(202) 225-4965','20201103','20210103','CA12',NULL,NULL),('P000523','Price, David','Price','David','E.','PRICE,DAVID',NULL,'Mr.',116,'David E. Price','Mr. Price of North Carolina','D','D','NC','4th','Chapel Hill','RHOB','2108','20515','3304','(202) 225-1784','20201103','20210103','NC04',NULL,NULL),('P000593','Perlmutter, Ed','Perlmutter','Ed',NULL,'PERLMUTTER,ED',NULL,'Mr.',116,'Ed Perlmutter','Mr. Perlmutter','D','D','CO','7th','Arvada','LHOB','1226','20515','0607','(202) 225-2645','20201103','20210103','CO07',NULL,NULL),('P000597','Pingree, Chellie','Pingree','Chellie',NULL,'PINGREE,CHELLIE',NULL,'Ms.',116,'Chellie Pingree','Ms. Pingree','D','D','ME','1st','North Haven','RHOB','2162','20515','1901','(202) 225-6116','20201103','20210103','ME01',NULL,NULL),('P000599','Posey, Bill','Posey','Bill',NULL,'POSEY,BILL',NULL,'Mr.',116,'Bill Posey','Mr. Posey','R','R','FL','8th','Rockledge','RHOB','2150','20515','0908','(202) 225-3671','20201103','20210103','FL08',NULL,NULL),('P000601','Palazzo, Steven','Palazzo','Steven','M.','PALAZZO,STEVEN',NULL,'Mr.',116,'Steven M. Palazzo','Mr. Palazzo','R','R','MS','4th','Biloxi','RHOB','2349','20515','2404','(202) 225-5772','20201103','20210103','MS04',NULL,NULL),('P000604','Payne, Donald','Payne','Donald','M.','PAYNE,DONALD','Jr.','Mr.',116,'Donald M. Payne, Jr.','Mr. Payne','D','D','NJ','10th','Newark','CHOB','106','20515','3010','(202) 225-3436','20201103','20210103','NJ10',NULL,NULL),('P000605','Perry, Scott','Perry','Scott',NULL,'PERRY,SCOTT',NULL,'Mr.',116,'Scott Perry','Mr. Perry','R','R','PA','10th','Dillsburg','RHOB','2160','20515','3810','(202) 225-5836','20201103','20210103','PA10',NULL,NULL),('P000607','Pocan, Mark','Pocan','Mark',NULL,'POCAN,MARK',NULL,'Mr.',116,'Mark Pocan','Mr. Pocan','D','D','WI','2nd','Vermont','LHOB','1727','20515','4902','(202) 225-2906','20201103','20210103','WI02',NULL,NULL),('P000608','Peters, Scott','Peters','Scott','H.','PETERS,SCOTT',NULL,'Mr.',116,'Scott H. Peters','Mr. Peters','D','D','CA','52nd','San Diego','LHOB','1201','20515','0552','(202) 225-0508','20201103','20210103','CA52',NULL,NULL),('P000609','Palmer, Gary','Palmer','Gary','J.','PALMER,GARY',NULL,'Mr.',116,'Gary J. Palmer','Mr. Palmer','R','R','AL','6th','Hoover','CHOB','170','20515','0106','(202) 225-4921','20201103','20210103','AL06',NULL,NULL),('P000610','Plaskett, Stacey','Plaskett','Stacey','E.','PLASKETT,STACEY',NULL,'Ms.',116,'Stacey E. Plaskett','Ms. Plaskett','D','D','VI','Delegate','St. Croix','RHOB','2404','20515','5500','(202) 225-1790','20201103','20210103','VI00',NULL,NULL),('P000613','Panetta, Jimmy','Panetta','Jimmy',NULL,'PANETTA,JIMMY',NULL,'Mr.',116,'Jimmy Panetta','Mr. Panetta','D','D','CA','20th','Carmel Valley','CHOB','406','20515','0520','(202) 225-2861','20201103','20210103','CA20',NULL,NULL),('P000614','Pappas, Chris','Pappas','Chris',NULL,'PAPPAS,CHRIS',NULL,'Mr.',116,'Chris Pappas','Mr. Pappas','D','D','NH','1st','Manchester','CHOB','319','20515','2901','(202) 225-5456','20201103','20210103','NH01',NULL,NULL),('P000615','Pence, Greg','Pence','Greg',NULL,'PENCE,GREG',NULL,'Mr.',116,'Greg Pence','Mr. Pence','R','R','IN','6th','Columbus','CHOB','211','20515','1406','(202) 225-3021','20201103','20210103','IN06',NULL,NULL),('P000616','Phillips, Dean','Phillips','Dean',NULL,'PHILLIPS,DEAN',NULL,'Mr.',116,'Dean Phillips','Mr. Phillips','D','D','MN','3rd','Deephaven','RHOB','2452','20515','2303','(202) 225-2871','20201103','20210103','MN03',NULL,NULL),('P000617','Pressley, Ayanna','Pressley','Ayanna',NULL,'PRESSLEY,AYANNA',NULL,'Ms.',116,'Ayanna Pressley','Ms. Pressley','D','D','MA','7th','Boston','LHOB','1108','20515','2107','(202) 225-5111','20201103','20210103','MA07',NULL,NULL),('P000618','Porter, Katie','Porter','Katie',NULL,'PORTER,KATIE',NULL,'Ms.',116,'Katie Porter','Ms. Porter','D','D','CA','45th','Irvine','LHOB','1117','20515','0545','(202) 225-5611','20201103','20210103','CA45',NULL,NULL),('Q000023','Quigley, Mike','Quigley','Mike',NULL,'QUIGLEY,MIKE',NULL,'Mr.',116,'Mike Quigley','Mr. Quigley','D','D','IL','5th','Chicago','RHOB','2078','20515','1305','(202) 225-4061','20201103','20210103','IL05',NULL,NULL),('R000103','Rosendale, Matthew','Rosendale','Matthew','M.','ROSENDALE,MATTHEW','Sr.','Mr.',0,'Matthew M. Rosendale, Sr.','Mr. Rosendale','R','R','MT','At Large','Glendive','LHOB','1037','20515','2600','(202) 225-3211','20201103','20210103','MT00',NULL,NULL),('R000305','Ross, Deborah','Ross','Deborah','K.','ROSS,DEBORAH',NULL,'Ms.',0,'Deborah K. Ross','Ms. Ross','D','D','NC','2nd','Raleigh','LHOB','1208','20515','3302','(202) 225-3032','20201103','20210103','NC02',NULL,NULL),('R000395','Rogers, Harold','Rogers','Harold',NULL,'ROGERS,HAROLD',NULL,'Mr.',116,'Harold Rogers','Mr. Rogers of Kentucky','R','R','KY','5th','Somerset','RHOB','2406','20515','1705','(202) 225-4601','20201103','20210103','KY05',NULL,NULL),('R000486','Roybal-Allard, Lucille','Roybal-Allard','Lucille',NULL,'ROYBALALLARD,LUCILLE',NULL,'Ms.',116,'Lucille Roybal-Allard','Ms. Roybal-Allard','D','D','CA','40th','Downey','RHOB','2083','20515','0540','(202) 225-1766','20201103','20210103','CA40',NULL,NULL),('R000515','Rush, Bobby','Rush','Bobby','L.','RUSH,BOBBY',NULL,'Mr.',116,'Bobby L. Rush','Mr. Rush','D','D','IL','1st','Chicago','RHOB','2188','20515','1301','(202) 225-4372','20201103','20210103','IL01',NULL,NULL),('R000575','Rogers, Mike','Rogers','Mike',NULL,'ROGERS,MIKE',NULL,'Mr.',116,'Mike Rogers','Mr. Rogers of Alabama','R','R','AL','3rd','Anniston','RHOB','2469','20515','0103','(202) 225-3261','20201103','20210103','AL03',NULL,NULL),('R000576','Ruppersberger, C.','Ruppersberger','C.','A. Dutch','RUPPERSBERGER,C.',NULL,'Mr.',116,'C. A. Dutch Ruppersberger','Mr. Ruppersberger','D','D','MD','2nd','Cockeysville','RHOB','2206','20515','2002','(202) 225-3061','20201103','20210103','MD02',NULL,NULL),('R000577','Ryan, Tim','Ryan','Tim',NULL,'RYAN,TIM',NULL,'Mr.',116,'Tim Ryan','Mr. Ryan','D','D','OH','13th','Warren','LHOB','1126','20515','3513','(202) 225-5261','20201103','20210103','OH13',NULL,NULL),('R000585','Reed, Tom','Reed','Tom',NULL,'REED,TOM',NULL,'Mr.',116,'Tom Reed','Mr. Reed','R','R','NY','23rd','Corning','LHOB','1203','20515','3223','(202) 225-3161','20201103','20210103','NY23',NULL,NULL),('R000597','Rice, Tom','Rice','Tom',NULL,'RICE,TOM',NULL,'Mr.',116,'Tom Rice','Mr. Rice of South Carolina','R','R','SC','7th','Myrtle Beach','CHOB','460','20515','4007','(202) 225-9895','20201103','20210103','SC07',NULL,NULL),('R000599','Ruiz, Raul','Ruiz','Raul',NULL,'RUIZ,RAUL',NULL,'Mr.',116,'Raul Ruiz','Mr. Ruiz','D','D','CA','36th','Coachella','RHOB','2342','20515','0536','(202) 225-5330','20201103','20210103','CA36',NULL,NULL),('R000600','Radewagen, Aumua Amata','Radewagen','Aumua Amata','Coleman','RADEWAGEN,AUMUAAMATA',NULL,'Mrs.',116,'Aumua Amata Coleman Radewagen','Mrs. Radewagen','R','R','AS','Delegate','Pago Pago','LHOB','1339','20515','5200','(202) 225-8577','20201103','20210103','AQ00',NULL,NULL),('R000602','Rice, Kathleen','Rice','Kathleen','M.','RICE,KATHLEEN',NULL,'Miss',116,'Kathleen M. Rice','Miss Rice of New York','D','D','NY','4th','Garden City','RHOB','2435','20515','3204','(202) 225-5516','20201103','20210103','NY04',NULL,NULL),('R000603','Rouzer, David','Rouzer','David',NULL,'ROUZER,DAVID',NULL,'Mr.',116,'David Rouzer','Mr. Rouzer','R','R','NC','7th','Wilmington','RHOB','2333','20515','3307','(202) 225-2731','20201103','20210103','NC07',NULL,NULL),('R000606','Raskin, Jamie','Raskin','Jamie',NULL,'RASKIN,JAMIE',NULL,'Mr.',116,'Jamie Raskin','Mr. Raskin','D','D','MD','8th','Takoma Park','RHOB','2242','20515','2008','(202) 225-5341','20201103','20210103','MD08',NULL,NULL),('R000609','Rutherford, John','Rutherford','John','H.','RUTHERFORD,JOHN',NULL,'Mr.',116,'John H. Rutherford','Mr. Rutherford','R','R','FL','4th','Jacksonville','LHOB','1711','20515','0904','(202) 225-2501','20201103','20210103','FL04',NULL,NULL),('R000610','Reschenthaler, Guy','Reschenthaler','Guy',NULL,'RESCHENTHALER,GUY',NULL,'Mr.',116,'Guy Reschenthaler','Mr. Reschenthaler','R','R','PA','14th','Peters Township','CHOB','409','20515','3814','(202) 225-2065','20201103','20210103','PA14',NULL,NULL),('R000612','Rose, John','Rose','John','W.','ROSE,JOHN',NULL,'Mr.',116,'John Rose','Mr. Rose','R','R','TN','6th','Cookeville','LHOB','1124','20515','4206','(202) 225-4231','20201103','20210103','TN06',NULL,NULL),('R000614','Roy, Chip','Roy','Chip',NULL,'ROY,CHIP',NULL,'Mr.',116,'Chip Roy','Mr. Roy','R','R','TX','21st','Austin','LHOB','1005','20515','4321','(202) 225-4236','20201103','20210103','TX21',NULL,NULL),('S000168','Salazar, Maria','Salazar','Maria','Elvira','SALAZAR,MARIA',NULL,'Ms.',0,'Maria Elvira Salazar','Ms. Salazar','R','R','FL','27th','Miami','LHOB','1616','20515','0927','(202) 225-3931','20201103','20210103','FL27',NULL,NULL),('S000185','Scott, Robert','Scott','Robert','C. \"Bobby\"','SCOTT,ROBERT',NULL,'Mr.',116,'Robert C. \"Bobby\" Scott','Mr. Scott of Virginia','D','D','VA','3rd','Newport News','RHOB','2328','20515','4603','(202) 225-8351','20201103','20210103','VA03',NULL,NULL),('S000250','Sessions, Pete','Sessions','Pete',NULL,'SESSIONS,PETE',NULL,'Mr.',115,'Pete Sessions','Mr. Sessions','R','R','TX','17th','Waco','RHOB','2204','20515','4317','(202) 225-6105','20201103','20210103','TX17',NULL,NULL),('S000344','Sherman, Brad','Sherman','Brad',NULL,'SHERMAN,BRAD',NULL,'Mr.',116,'Brad Sherman','Mr. Sherman','D','D','CA','30th','Sherman Oaks','RHOB','2181','20515','0530','(202) 225-5911','20201103','20210103','CA30',NULL,NULL),('S000510','Smith, Adam','Smith','Adam',NULL,'SMITH,ADAM',NULL,'Mr.',116,'Adam Smith','Mr. Smith of Washington','D','D','WA','9th','Bellevue','RHOB','2264','20515','4709','(202) 225-8901','20201103','20210103','WA09',NULL,NULL),('S000522','Smith, Christopher','Smith','Christopher','H.','SMITH,CHRISTOPHER',NULL,'Mr.',116,'Christopher H. Smith','Mr. Smith of New Jersey','R','R','NJ','4th','Hamilton','RHOB','2373','20515','3004','(202) 225-3765','20201103','20210103','NJ04',NULL,NULL),('S000929','Spartz, Victoria','Spartz','Victoria',NULL,'SPARTZ,VICTORIA',NULL,'Mrs.',0,'Victoria Spartz','Mrs. Spartz','R','R','IN','5th','Noblesville','LHOB','1523','20515','1405','(202) 225-2276','20201103','20210103','IN05',NULL,NULL),('S001135','Steel, Michelle','Steel','Michelle',NULL,'STEEL,MICHELLE',NULL,'Mrs.',0,'Michelle Steel','Mrs. Steel','R','R','CA','48th','Orange County','LHOB','1113','20515','0548','(202) 225-2415','20201103','20210103','CA48',NULL,NULL),('S001145','Schakowsky, Janice','Schakowsky','Janice','D.','SCHAKOWSKY,JANICE',NULL,'Ms.',116,'Janice D. Schakowsky','Ms. Schakowsky','D','D','IL','9th','Evanston','RHOB','2367','20515','1309','(202) 225-2111','20201103','20210103','IL09',NULL,NULL),('S001148','Simpson, Michael','Simpson','Michael','K.','SIMPSON,MICHAEL',NULL,'Mr.',116,'Michael K. Simpson','Mr. Simpson','R','R','ID','2nd','Idaho Falls','RHOB','2084','20515','1202','(202) 225-5531','20201103','20210103','ID02',NULL,NULL),('S001150','Schiff, Adam','Schiff','Adam','B.','SCHIFF,ADAM',NULL,'Mr.',116,'Adam B. Schiff','Mr. Schiff','D','D','CA','28th','Burbank','RHOB','2309','20515','0528','(202) 225-4176','20201103','20210103','CA28',NULL,NULL),('S001156','Sánchez, Linda','Sánchez','Linda','T.','SANCHEZ,LINDA',NULL,'Ms.',116,'Linda T. Sánchez','Ms. Sánchez','D','D','CA','38th','Whittier','RHOB','2329','20515','0538','(202) 225-6676','20201103','20210103','CA38',NULL,NULL),('S001157','Scott, David','Scott','David',NULL,'SCOTT,DAVID',NULL,'Mr.',116,'David Scott','Mr. David Scott of Georgia','D','D','GA','13th','Atlanta','CHOB','468','20515','1013','(202) 225-2939','20201103','20210103','GA13',NULL,NULL),('S001159','Strickland, Marilyn','Strickland','Marilyn',NULL,'STRICKLAND,MARILYN',NULL,'Ms.',0,'Marilyn Strickland','Ms. Strickland','D','D','WA','10th','Tacoma','LHOB','1004','20515','4710','(202) 225-9740','20201103','20210103','WA10',NULL,NULL),('S001165','Sires, Albio','Sires','Albio',NULL,'SIRES,ALBIO',NULL,'Mr.',116,'Albio Sires','Mr. Sires','D','D','NJ','8th','West New York','RHOB','2268','20515','3008','(202) 225-7919','20201103','20210103','NJ08',NULL,NULL),('S001168','Sarbanes, John','Sarbanes','John','P.','SARBANES,JOHN',NULL,'Mr.',116,'John P. Sarbanes','Mr. Sarbanes','D','D','MD','3rd','Baltimore','RHOB','2370','20515','2003','(202) 225-4016','20201103','20210103','MD03',NULL,NULL),('S001172','Smith, Adrian','Smith','Adrian',NULL,'SMITH,ADRIAN',NULL,'Mr.',116,'Adrian Smith','Mr. Smith of Nebraska','R','R','NE','3rd','Gering','CHOB','502','20515','2703','(202) 225-6435','20201103','20210103','NE03',NULL,NULL),('S001175','Speier, Jackie','Speier','Jackie',NULL,'SPEIER,JACKIE',NULL,'Ms.',116,'Jackie Speier','Ms. Speier','D','D','CA','14th','Hillsborough','RHOB','2465','20515','0514','(202) 225-3531','20201103','20210103','CA14',NULL,NULL),('S001176','Scalise, Steve','Scalise','Steve',NULL,'SCALISE,STEVE',NULL,'Mr.',116,'Steve Scalise','Mr. Scalise','R','R','LA','1st','Jefferson','RHOB','2049','20515','1801','(202) 225-3015','20201103','20210103','LA01',NULL,NULL),('S001177','Sablan, Gregorio','Sablan','Gregorio','Kilili Camacho','SABLAN,GREGORIO',NULL,'Mr.',116,'Gregorio Kilili Camacho Sablan','Mr. Sablan','D','D','MP','Delegate','Saipan','RHOB','2267','20515','5201','(202) 225-2646','20201103','20210103','MP00',NULL,NULL),('S001180','Schrader, Kurt','Schrader','Kurt',NULL,'SCHRADER,KURT',NULL,'Mr.',116,'Kurt Schrader','Mr. Schrader','D','D','OR','5th','Canby','RHOB','2431','20515','3705','(202) 225-5711','20201103','20210103','OR05',NULL,NULL),('S001183','Schweikert, David','Schweikert','David',NULL,'SCHWEIKERT,DAVID',NULL,'Mr.',116,'David Schweikert','Mr. Schweikert','R','R','AZ','6th','Fountain Hills','CHOB','304','20515','0306','(202) 225-2190','20201103','20210103','AZ06',NULL,NULL),('S001185','Sewell, Terri','Sewell','Terri','A.','SEWELL,TERRI',NULL,'Ms.',116,'Terri Sewell','Ms. Sewell','D','D','AL','7th','Birmingham','RHOB','2201','20515','0107','(202) 225-2665','20201103','20210103','AL07',NULL,NULL),('S001189','Scott, Austin','Scott','Austin',NULL,'SCOTT,AUSTIN',NULL,'Mr.',116,'Austin Scott','Mr. Austin Scott of Georgia','R','R','GA','8th','Tifton','RHOB','2417','20515','1008','(202) 225-6531','20201103','20210103','GA08',NULL,NULL),('S001190','Schneider, Bradley','Schneider','Bradley','Scott','SCHNEIDER,BRADLEY',NULL,'Mr.',116,'Bradley Scott Schneider','Mr. Schneider','D','D','IL','10th','Deerfield','CHOB','300','20515','1310','(202) 225-4835','20201103','20210103','IL10',NULL,NULL),('S001192','Stewart, Chris','Stewart','Chris',NULL,'STEWART,CHRIS',NULL,'Mr.',116,'Chris Stewart','Mr. Stewart','R','R','UT','2nd','Farmington','CHOB','166','20515','4402','(202) 225-9730','20201103','20210103','UT02',NULL,NULL),('S001193','Swalwell, Eric','Swalwell','Eric',NULL,'SWALWELL,ERIC',NULL,'Mr.',116,'Eric Swalwell','Mr. Swalwell','D','D','CA','15th','Dublin','CHOB','174','20515','0515','(202) 225-5065','20201103','20210103','CA15',NULL,NULL),('S001195','Smith, Jason','Smith','Jason',NULL,'SMITH,JASON',NULL,'Mr.',116,'Jason Smith','Mr. Smith of Missouri','R','R','MO','8th','Salem','RHOB','2418','20515','2508','(202) 225-4404','20201103','20210103','MO08',NULL,NULL),('S001196','Stefanik, Elise','Stefanik','Elise','M.','STEFANIK,ELISE',NULL,'Ms.',116,'Elise M. Stefanik','Ms. Stefanik','R','R','NY','21st','Schuylerville','RHOB','2211','20515','3221','(202) 225-4611','20201103','20210103','NY21',NULL,NULL),('S001199','Smucker, Lloyd','Smucker','Lloyd',NULL,'SMUCKER,LLOYD',NULL,'Mr.',116,'Lloyd Smucker','Mr. Smucker','R','R','PA','11th','Lancaster','CHOB','302','20515','3811','(202) 225-2411','20201103','20210103','PA11',NULL,NULL),('S001200','Soto, Darren','Soto','Darren',NULL,'SOTO,DARREN',NULL,'Mr.',116,'Darren Soto','Mr. Soto','D','D','FL','9th','Kissimmee','RHOB','2353','20515','0909','(202) 225-9889','20201103','20210103','FL09',NULL,NULL),('S001201','Suozzi, Thomas','Suozzi','Thomas','R.','SUOZZI,THOMAS',NULL,'Mr.',116,'Thomas R. Suozzi','Mr. Suozzi','D','D','NY','3rd','Glen Cove','CHOB','407','20515','3203','(202) 225-3335','20201103','20210103','NY03',NULL,NULL),('S001204','San Nicolas, Michael','San Nicolas','Michael','F. Q.','SANNICOLAS,MICHAEL',NULL,'Mr.',116,'Michael F. Q. San Nicolas','Mr. San Nicolas','D','D','GU','Delegate','Dededo','LHOB','1632','20515','5301','(202) 225-1188','20201103','20210103','GU00',NULL,NULL),('S001205','Scanlon, Mary','Scanlon','Mary','Gay','SCANLON,MARY',NULL,'Ms.',116,'Mary Gay Scanlon','Ms. Scanlon','D','D','PA','5th','Swarthmore','LHOB','1227','20515','3805','(202) 225-2011','20201103','20210103','PA05',NULL,NULL),('S001207','Sherrill, Mikie','Sherrill','Mikie',NULL,'SHERRILL,MIKIE',NULL,'Ms.',116,'Mikie Sherrill','Ms. Sherrill','D','D','NJ','11th','Montclair','LHOB','1414','20515','3011','(202) 225-5034','20201103','20210103','NJ11',NULL,NULL),('S001208','Slotkin, Elissa','Slotkin','Elissa',NULL,'SLOTKIN,ELISSA',NULL,'Ms.',116,'Elissa Slotkin','Ms. Slotkin','D','D','MI','8th','Holly','LHOB','1210','20515','2208','(202) 225-4872','20201103','20210103','MI08',NULL,NULL),('S001209','Spanberger, Abigail','Spanberger','Abigail','Davis','SPANBERGER,ABIGAIL',NULL,'Ms.',116,'Abigail Davis Spanberger','Ms. Spanberger','D','D','VA','7th','Glen Allen','LHOB','1431','20515','4607','(202) 225-2815','20201103','20210103','VA07',NULL,NULL),('S001211','Stanton, Greg','Stanton','Greg',NULL,'STANTON,GREG',NULL,'Mr.',116,'Greg Stanton','Mr. Stanton','D','D','AZ','9th','Phoenix','CHOB','207','20515','0309','(202) 225-9888','20201103','20210103','AZ09',NULL,NULL),('S001212','Stauber, Pete','Stauber','Pete',NULL,'STAUBER,PETE',NULL,'Mr.',116,'Pete Stauber','Mr. Stauber','R','R','MN','8th','Hermantown','CHOB','461','20515','2308','(202) 225-6211','20201103','20210103','MN08',NULL,NULL),('S001213','Steil, Bryan','Steil','Bryan',NULL,'STEIL,BRYAN',NULL,'Mr.',116,'Bryan Steil','Mr. Steil','R','R','WI','1st','Janesville','LHOB','1526','20515','4901','(202) 225-3031','20201103','20210103','WI01',NULL,NULL),('S001214','Steube, W.','Steube','W.','Gregory','STEUBE,W.',NULL,'Mr.',116,'W. Gregory Steube','Mr. Steube','R','R','FL','17th','Sarasota','RHOB','2457','20515','0917','(202) 225-5792','20201103','20210103','FL17',NULL,NULL),('S001215','Stevens, Haley','Stevens','Haley','M.','STEVENS,HALEY',NULL,'Ms.',116,'Haley M. Stevens','Ms. Stevens','D','D','MI','11th','Rochester Hills','LHOB','1510','20515','2211','(202) 225-8171','20201103','20210103','MI11',NULL,NULL),('S001216','Schrier, Kim','Schrier','Kim',NULL,'SCHRIER,KIM',NULL,'Ms.',116,'Kim Schrier','Ms. Schrier','D','D','WA','8th','Sammamish','LHOB','1123','20515','4708','(202) 225-7761','20201103','20210103','WA08',NULL,NULL),('S001218','Stansbury, Melanie','Stansbury','Melanie','A.','STANSBURY,MELANIE',NULL,'Ms.',0,'Melanie A. Stansbury','Ms. Stansbury','D','D','NM','1st','Albuquerque','LHOB','1421','20515','3101','(202) 225-6316','20210601','20210614','NM01','0','Elected June 1, 2021, to fill the vacancy due to the resignation of Debra A. Haaland, March 16, 2021.'),('T000165','Tiffany, Thomas','Tiffany','Thomas','P.','TIFFANY,THOMAS',NULL,'Mr.',116,'Thomas P. Tiffany','Mr. Tiffany','R','R','WI','7th','Minocqua','LHOB','1719','20515','4907','(202) 225-3365','20201103','20210103','WI07',NULL,NULL),('T000193','Thompson, Bennie','Thompson','Bennie','G.','THOMPSON,BENNIE',NULL,'Mr.',116,'Bennie G. Thompson','Mr. Thompson of Mississippi','D','D','MS','2nd','Bolton','RHOB','2466','20515','2402','(202) 225-5876','20201103','20210103','MS02',NULL,NULL),('T000460','Thompson, Mike','Thompson','Mike',NULL,'THOMPSON,MIKE',NULL,'Mr.',116,'Mike Thompson','Mr. Thompson of California','D','D','CA','5th','St. Helena','CHOB','268','20515','0505','(202) 225-3311','20201103','20210103','CA05',NULL,NULL),('T000463','Turner, Michael','Turner','Michael','R.','TURNER,MICHAEL',NULL,'Mr.',116,'Michael R. Turner','Mr. Turner','R','R','OH','10th','Dayton','RHOB','2082','20515','3510','(202) 225-6465','20201103','20210103','OH10',NULL,NULL),('T000467','Thompson, Glenn','Thompson','Glenn',NULL,'THOMPSON,GLENN',NULL,'Mr.',116,'Glenn Thompson','Mr. Thompson of Pennsylvania','R','R','PA','15th','Howard','CHOB','400','20515','3815','(202) 225-5121','20201103','20210103','PA15',NULL,NULL),('T000468','Titus, Dina','Titus','Dina',NULL,'TITUS,DINA',NULL,'Ms.',116,'Dina Titus','Ms. Titus','D','D','NV','1st','Las Vegas','RHOB','2464','20515','2801','(202) 225-5965','20201103','20210103','NV01',NULL,NULL),('T000469','Tonko, Paul','Tonko','Paul',NULL,'TONKO,PAUL',NULL,'Mr.',116,'Paul Tonko','Mr. Tonko','D','D','NY','20th','Amsterdam','RHOB','2369','20515','3220','(202) 225-5076','20201103','20210103','NY20',NULL,NULL),('T000472','Takano, Mark','Takano','Mark',NULL,'TAKANO,MARK',NULL,'Mr.',116,'Mark Takano','Mr. Takano','D','D','CA','41st','Riverside','CHOB','420','20515','0541','(202) 225-2305','20201103','20210103','CA41',NULL,NULL),('T000474','Torres, Norma','Torres','Norma','J.','TORRES,NORMA',NULL,'Mrs.',116,'Norma J. Torres','Mrs. Torres of California','D','D','CA','35th','Pomona','RHOB','2227','20515','0535','(202) 225-6161','20201103','20210103','CA35',NULL,NULL),('T000478','Tenney, Claudia','Tenney','Claudia',NULL,'TENNEY,CLAUDIA',NULL,'Ms.',115,'Claudia Tenney','Ms. Tenney','R','R','NY','22nd','New Hartford','LHOB','1410','20515','3222','(202) 225-3665','20201103','20210211','NY22',NULL,NULL),('T000479','Taylor, Van','Taylor','Van',NULL,'TAYLOR,VAN',NULL,'Mr.',116,'Van Taylor','Mr. Taylor','R','R','TX','3rd','Plano','LHOB','1404','20515','4303','(202) 225-4201','20201103','20210103','TX03',NULL,NULL),('T000480','Timmons, William','Timmons','William','R.','TIMMONS,WILLIAM','IV','Mr.',116,'William R. Timmons IV','Mr. Timmons','R','R','SC','4th','Greenville','CHOB','267','20515','4004','(202) 225-6030','20201103','20210103','SC04',NULL,NULL),('T000481','Tlaib, Rashida','Tlaib','Rashida',NULL,'TLAIB,RASHIDA',NULL,'Ms.',116,'Rashida Tlaib','Ms. Tlaib','D','D','MI','13th','Detroit','LHOB','1628','20515','2213','(202) 225-5126','20201103','20210103','MI13',NULL,NULL),('T000482','Trahan, Lori','Trahan','Lori',NULL,'TRAHAN,LORI',NULL,'Mrs.',116,'Lori Trahan','Mrs. Trahan','D','D','MA','3rd','Westford','RHOB','2439','20515','2103','(202) 225-3411','20201103','20210103','MA03',NULL,NULL),('T000483','Trone, David','Trone','David','J.','TRONE,DAVID',NULL,'Mr.',116,'David J. Trone','Mr. Trone','D','D','MD','6th','Potomac','LHOB','1110','20515','2006','(202) 225-2721','20201103','20210103','MD06',NULL,NULL),('T000486','Torres, Ritchie','Torres','Ritchie',NULL,'TORRES,RITCHIE',NULL,'Mr.',0,'Ritchie Torres','Mr. Torres of New York','D','D','NY','15th','Bronx','CHOB','317','20515','3215','(202) 225-4361','20201103','20210103','NY15',NULL,NULL),('U000031','Upton, Fred','Upton','Fred',NULL,'UPTON,FRED',NULL,'Mr.',116,'Fred Upton','Mr. Upton','R','R','MI','6th','St. Joseph','RHOB','2183','20515','2206','(202) 225-3761','20201103','20210103','MI06',NULL,NULL),('U000040','Underwood, Lauren','Underwood','Lauren',NULL,'UNDERWOOD,LAUREN',NULL,'Ms.',116,'Lauren Underwood','Ms. Underwood','D','D','IL','14th','Naperville','LHOB','1130','20515','1314','(202) 225-2976','20201103','20210103','IL14',NULL,NULL),('V000081','Velázquez, Nydia','Velázquez','Nydia','M.','VELAZQUEZ,NYDIA',NULL,'Ms.',116,'Nydia M. Velázquez','Ms. Velázquez','D','D','NY','7th','Brooklyn','RHOB','2302','20515','3207','(202) 225-2361','20201103','20210103','NY07',NULL,NULL),('V000129','Valadao, David','Valadao','David','G.','VALADAO,DAVID',NULL,'Mr.',115,'David G. Valadao','Mr. Valadao','R','R','CA','21st','Hanford','LHOB','1728','20515','0521','(202) 225-4695','20201103','20210103','CA21',NULL,NULL),('V000130','Vargas, Juan','Vargas','Juan',NULL,'VARGAS,JUAN',NULL,'Mr.',116,'Juan Vargas','Mr. Vargas','D','D','CA','51st','San Diego','RHOB','2244','20515','0551','(202) 225-8045','20201103','20210103','CA51',NULL,NULL),('V000131','Veasey, Marc','Veasey','Marc','A.','VEASEY,MARC',NULL,'Mr.',116,'Marc A. Veasey','Mr. Veasey','D','D','TX','33rd','Fort Worth','RHOB','2348','20515','4333','(202) 225-9897','20201103','20210103','TX33',NULL,NULL),('V000132','Vela, Filemon','Vela','Filemon',NULL,'VELA,FILEMON',NULL,'Mr.',116,'Filemon Vela','Mr. Vela','D','D','TX','34th','Brownsville','CHOB','307','20515','4334','(202) 225-9901','20201103','20210103','TX34',NULL,NULL),('V000133','Van Drew, Jefferson','Van Drew','Jefferson',NULL,'VANDREW,JEFFERSON',NULL,'Mr.',116,'Jefferson Van Drew','Mr. Van Drew','R','R','NJ','2nd','Dennis Township','RHOB','2447','20515','3002','(202) 225-6572','20201103','20210103','NJ02',NULL,NULL),('V000134','Van Duyne, Beth','Van Duyne','Beth',NULL,'VANDUYNE,BETH',NULL,'Ms.',0,'Beth Van Duyne','Ms. Van Duyne','R','R','TX','24th','Irving','LHOB','1337','20515','4324','(202) 225-6605','20201103','20210103','TX24',NULL,NULL),('W000187','Waters, Maxine','Waters','Maxine',NULL,'WATERS,MAXINE',NULL,'Ms.',116,'Maxine Waters','Ms. Waters','D','D','CA','43rd','Los Angeles','RHOB','2221','20515','0543','(202) 225-2201','20201103','20210103','CA43',NULL,NULL),('W000788','Williams, Nikema','Williams','Nikema',NULL,'WILLIAMS,NIKEMA',NULL,'Ms.',0,'Nikema Williams','Ms. Williams of Georgia','D','D','GA','5th','Atlanta','LHOB','1406','20515','1005','(202) 225-3801','20201103','20210103','GA05',NULL,NULL),('W000795','Wilson, Joe','Wilson','Joe',NULL,'WILSON,JOE',NULL,'Mr.',116,'Joe Wilson','Mr. Wilson of South Carolina','R','R','SC','2nd','Springdale','LHOB','1436','20515','4002','(202) 225-2452','20201103','20210103','SC02',NULL,NULL),('W000797','Wasserman Schultz, Debbie','Wasserman Schultz','Debbie',NULL,'WASSERMANSCHULTZ,DEBBIE',NULL,'Ms.',116,'Debbie Wasserman Schultz','Ms. Wasserman Schultz','D','D','FL','23rd','Weston','LHOB','1114','20515','0923','(202) 225-7931','20201103','20210103','FL23',NULL,NULL),('W000798','Walberg, Tim','Walberg','Tim',NULL,'WALBERG,TIM',NULL,'Mr.',116,'Tim Walberg','Mr. Walberg','R','R','MI','7th','Tipton','RHOB','2266','20515','2207','(202) 225-6276','20201103','20210103','MI07',NULL,NULL),('W000800','Welch, Peter','Welch','Peter',NULL,'WELCH,PETER',NULL,'Mr.',116,'Peter Welch','Mr. Welch','D','D','VT','At Large','Norwich','RHOB','2187','20515','4500','(202) 225-4115','20201103','20210103','VT00',NULL,NULL),('W000804','Wittman, Robert','Wittman','Robert','J.','WITTMAN,ROBERT',NULL,'Mr.',116,'Robert J. Wittman','Mr. Wittman','R','R','VA','1st','Montross','RHOB','2055','20515','4601','(202) 225-4261','20201103','20210103','VA01',NULL,NULL),('W000806','Webster, Daniel','Webster','Daniel',NULL,'WEBSTER,DANIEL',NULL,'Mr.',116,'Daniel Webster','Mr. Webster of Florida','R','R','FL','11th','Clermont','RHOB','2184','20515','0911','(202) 225-1002','20201103','20210103','FL11',NULL,NULL),('W000808','Wilson, Frederica','Wilson','Frederica','S.','WILSON,FREDERICA',NULL,'Ms.',116,'Frederica S. Wilson','Ms. Wilson of Florida','D','D','FL','24th','Miami Gardens','RHOB','2445','20515','0924','(202) 225-4506','20201103','20210103','FL24',NULL,NULL),('W000809','Womack, Steve','Womack','Steve',NULL,'WOMACK,STEVE',NULL,'Mr.',116,'Steve Womack','Mr. Womack','R','R','AR','3rd','Rogers','RHOB','2412','20515','0403','(202) 225-4301','20201103','20210103','AR03',NULL,NULL),('W000812','Wagner, Ann','Wagner','Ann',NULL,'WAGNER,ANN',NULL,'Mrs.',116,'Ann Wagner','Mrs. Wagner','R','R','MO','2nd','Ballwin','RHOB','2350','20515','2502','(202) 225-1621','20201103','20210103','MO02',NULL,NULL),('W000813','Walorski, Jackie','Walorski','Jackie',NULL,'WALORSKI,JACKIE',NULL,'Mrs.',116,'Jackie Walorski','Mrs. Walorski','R','R','IN','2nd','Elkhart','CHOB','466','20515','1402','(202) 225-3915','20201103','20210103','IN02',NULL,NULL),('W000814','Weber, Randy','Weber','Randy','K.','WEBER,RANDY','Sr.','Mr.',116,'Randy K. Weber, Sr.','Mr. Weber of Texas','R','R','TX','14th','Friendswood','CHOB','107','20515','4314','(202) 225-2831','20201103','20210103','TX14',NULL,NULL),('W000815','Wenstrup, Brad','Wenstrup','Brad','R.','WENSTRUP,BRAD',NULL,'Mr.',116,'Brad R. Wenstrup','Mr. Wenstrup','R','R','OH','2nd','Cincinnati','RHOB','2419','20515','3502','(202) 225-3164','20201103','20210103','OH02',NULL,NULL),('W000816','Williams, Roger','Williams','Roger',NULL,'WILLIAMS,ROGER',NULL,'Mr.',116,'Roger Williams','Mr. Williams of Texas','R','R','TX','25th','Austin','LHOB','1708','20515','4325','(202) 225-9896','20201103','20210103','TX25',NULL,NULL),('W000821','Westerman, Bruce','Westerman','Bruce',NULL,'WESTERMAN,BRUCE',NULL,'Mr.',116,'Bruce Westerman','Mr. Westerman','R','R','AR','4th','Hot Springs','CHOB','202','20515','0404','(202) 225-3772','20201103','20210103','AR04',NULL,NULL),('W000822','Watson Coleman, Bonnie','Watson Coleman','Bonnie',NULL,'WATSONCOLEMAN,BONNIE',NULL,'Mrs.',116,'Bonnie Watson Coleman','Mrs. Watson Coleman','D','D','NJ','12th','Ewing Township','CHOB','168','20515','3012','(202) 225-5801','20201103','20210103','NJ12',NULL,NULL),('W000823','Waltz, Michael','Waltz','Michael',NULL,'WALTZ,MICHAEL',NULL,'Mr.',116,'Michael Waltz','Mr. Waltz','R','R','FL','6th','St. Augustine Beach','CHOB','213','20515','0906','(202) 225-2706','20201103','20210103','FL06',NULL,NULL),('W000825','Wexton, Jennifer','Wexton','Jennifer',NULL,'WEXTON,JENNIFER',NULL,'Ms.',116,'Jennifer Wexton','Ms. Wexton','D','D','VA','10th','Leesburg','LHOB','1217','20515','4610','(202) 225-5136','20201103','20210103','VA10',NULL,NULL),('W000826','Wild, Susan','Wild','Susan',NULL,'WILD,SUSAN',NULL,'Ms.',116,'Susan Wild','Ms. Wild','D','D','PA','7th','Allentown','LHOB','1027','20515','3807','(202) 225-6411','20201103','20210103','PA07',NULL,NULL),('Y000033','Young, Don','Young','Don',NULL,'YOUNG,DON',NULL,'Mr.',116,'Don Young','Mr. Young','R','R','AK','At Large','Fort Yukon','RHOB','2314','20515','0200','(202) 225-5765','20201103','20210103','AK00',NULL,NULL),('Y000062','Yarmuth, John','Yarmuth','John','A.','YARMUTH,JOHN',NULL,'Mr.',116,'John A. Yarmuth','Mr. Yarmuth','D','D','KY','3rd','Louisville','CHOB','402','20515','1703','(202) 225-5401','20201103','20210103','KY03',NULL,NULL),('Z000017','Zeldin, Lee','Zeldin','Lee','M.','ZELDIN,LEE',NULL,'Mr.',116,'Lee M. Zeldin','Mr. Zeldin','R','R','NY','1st','Shirley','RHOB','2441','20515','3201','(202) 225-3826','20201103','20210103','NY01',NULL,NULL);
/*!40000 ALTER TABLE `member` ENABLE KEYS */;
UNLOCK TABLES;

--
-- Table structure for table `member_committee`
--

DROP TABLE IF EXISTS `member_committee`;
/*!40101 SET @saved_cs_client     = @@character_set_client */;
/*!40101 SET character_set_client = utf8 */;
CREATE TABLE `member_committee` (
  `comcode` varchar(100) NOT NULL,
  `bioguideID` varchar(100) NOT NULL,
  `leadership` varchar(100) DEFAULT NULL,
  `rank` int(11) NOT NULL,
  PRIMARY KEY (`comcode`,`bioguideID`),
  KEY `bioguideID` (`bioguideID`),
  CONSTRAINT `member_committee_ibfk_1` FOREIGN KEY (`comcode`) REFERENCES `committee` (`comcode`),
  CONSTRAINT `member_committee_ibfk_2` FOREIGN KEY (`bioguideID`) REFERENCES `member` (`bioguideID`)
) ENGINE=InnoDB DEFAULT CHARSET=latin1;
/*!40101 SET character_set_client = @saved_cs_client */;

--
-- Dumping data for table `member_committee`
--

LOCK TABLES `member_committee` WRITE;
/*!40000 ALTER TABLE `member_committee` DISABLE KEYS */;
INSERT INTO `member_committee` VALUES ('AG00','A000370','Vice Chair',5),('AG00','A000372',NULL,8),('AG00','A000378',NULL,23),('AG00','B000490',NULL,27),('AG00','B001286',NULL,13),('AG00','B001298',NULL,11),('AG00','B001306',NULL,16),('AG00','B001307',NULL,13),('AG00','C001039',NULL,22),('AG00','C001059',NULL,2),('AG00','C001087',NULL,3),('AG00','C001110',NULL,20),('AG00','C001112',NULL,17),('AG00','C001115',NULL,17),('AG00','C001119',NULL,21),('AG00','D000616',NULL,4),('AG00','D000619',NULL,7),('AG00','D000630',NULL,8),('AG00','F000446',NULL,19),('AG00','F000470',NULL,23),('AG00','H001053',NULL,5),('AG00','H001081',NULL,7),('AG00','H001088',NULL,14),('AG00','H001090',NULL,22),('AG00','J000020',NULL,15),('AG00','J000301',NULL,12),('AG00','K000368',NULL,26),('AG00','K000382',NULL,12),('AG00','K000388',NULL,10),('AG00','K000389',NULL,18),('AG00','L000578',NULL,6),('AG00','L000586',NULL,19),('AG00','L000595',NULL,24),('AG00','M000312',NULL,3),('AG00','M000871',NULL,18),('AG00','M001185',NULL,14),('AG00','M001211',NULL,20),('AG00','M001212',NULL,21),('AG00','O000171',NULL,16),('AG00','P000597',NULL,10),('AG00','P000610',NULL,15),('AG00','P000613',NULL,25),('AG00','R000515',NULL,9),('AG00','R000603',NULL,9),('AG00','S001157','Chair',1),('AG00','S001177',NULL,11),('AG00','S001189',NULL,2),('AG00','S001209',NULL,6),('AG00','S001216',NULL,24),('AG00','T000467',NULL,1),('AG00','V000132',NULL,4),('AP00','A000055',NULL,3),('AP00','A000369',NULL,14),('AP00','A000371',NULL,19),('AP00','B000490',NULL,5),('AP00','B001286',NULL,21),('AP00','C000059',NULL,6),('AP00','C001051',NULL,5),('AP00','C001053',NULL,7),('AP00','C001055',NULL,27),('AP00','C001063',NULL,11),('AP00','C001090',NULL,15),('AP00','C001101',NULL,18),('AP00','C001111',NULL,25),('AP00','C001118',NULL,21),('AP00','D000216','Chair',1),('AP00','D000600',NULL,8),('AP00','E000297',NULL,28),('AP00','F000459',NULL,10),('AP00','F000462',NULL,20),('AP00','G000061',NULL,23),('AP00','G000377',NULL,1),('AP00','G000594',NULL,25),('AP00','H001052',NULL,13),('AP00','H001056',NULL,11),('AP00','H001090',NULL,29),('AP00','H001091',NULL,24),('AP00','J000295',NULL,12),('AP00','K000009',NULL,2),('AP00','K000368',NULL,26),('AP00','K000381',NULL,14),('AP00','L000551',NULL,6),('AP00','L000581',NULL,23),('AP00','L000590',NULL,33),('AP00','M001143',NULL,7),('AP00','M001188',NULL,16),('AP00','M001194',NULL,19),('AP00','N000189',NULL,18),('AP00','P000523',NULL,3),('AP00','P000597',NULL,12),('AP00','P000601',NULL,16),('AP00','P000607',NULL,17),('AP00','Q000023',NULL,13),('AP00','R000395',NULL,2),('AP00','R000486',NULL,4),('AP00','R000576',NULL,9),('AP00','R000577',NULL,8),('AP00','R000609',NULL,20),('AP00','R000610',NULL,22),('AP00','S001148',NULL,4),('AP00','S001192',NULL,15),('AP00','T000474',NULL,24),('AP00','T000483',NULL,31),('AP00','U000040',NULL,32),('AP00','V000129',NULL,17),('AP00','W000797',NULL,10),('AP00','W000809',NULL,9),('AP00','W000822',NULL,22),('AP00','W000825',NULL,30),('AS00','B000740',NULL,22),('AS00','B001274',NULL,8),('AS00','B001298',NULL,15),('AS00','B001299',NULL,16),('AS00','B001301',NULL,18),('AS00','B001304',NULL,12),('AS00','C000754',NULL,4),('AS00','C001054',NULL,26),('AS00','C001069',NULL,5),('AS00','C001109',NULL,17),('AS00','C001112',NULL,11),('AS00','C001121',NULL,18),('AS00','D000616',NULL,11),('AS00','E000299',NULL,21),('AS00','F000246',NULL,28),('AS00','F000472',NULL,23),('AS00','G000546',NULL,9),('AS00','G000559',NULL,6),('AS00','G000574',NULL,9),('AS00','G000578',NULL,14),('AS00','G000579',NULL,13),('AS00','G000590',NULL,21),('AS00','G000592',NULL,22),('AS00','H001053',NULL,6),('AS00','H001066',NULL,31),('AS00','H001085',NULL,17),('AS00','J000299',NULL,20),('AS00','J000304',NULL,25),('AS00','J000305',NULL,25),('AS00','K000375',NULL,14),('AS00','K000388',NULL,12),('AS00','K000389',NULL,13),('AS00','K000394',NULL,16),('AS00','K000396',NULL,26),('AS00','L000559',NULL,2),('AS00','L000560',NULL,3),('AS00','L000564',NULL,4),('AS00','L000591','Vice Chair',23),('AS00','M001136',NULL,24),('AS00','M001196',NULL,10),('AS00','M001202',NULL,30),('AS00','M001206',NULL,24),('AS00','M001213',NULL,27),('AS00','N000188',NULL,8),('AS00','P000613',NULL,29),('AS00','R000575',NULL,1),('AS00','S000510','Chair',1),('AS00','S001159',NULL,27),('AS00','S001175',NULL,7),('AS00','S001189',NULL,7),('AS00','S001196',NULL,10),('AS00','S001207',NULL,20),('AS00','S001208',NULL,19),('AS00','T000463',NULL,3),('AS00','V000131',NULL,28),('AS00','V000132',NULL,15),('AS00','W000795',NULL,2),('AS00','W000804',NULL,5),('AS00','W000823',NULL,19),('BA00','A000148','Vice Chair',30),('BA00','A000370',NULL,23),('BA00','A000378',NULL,17),('BA00','B001281',NULL,11),('BA00','B001282',NULL,8),('BA00','B001305',NULL,16),('BA00','C001061',NULL,7),('BA00','C001117',NULL,18),('BA00','D000626',NULL,15),('BA00','D000631',NULL,25),('BA00','E000294',NULL,11),('BA00','F000454',NULL,10),('BA00','G000553',NULL,6),('BA00','G000581',NULL,14),('BA00','G000583',NULL,13),('BA00','G000586',NULL,27),('BA00','G000587',NULL,28),('BA00','G000588',NULL,19),('BA00','G000589',NULL,22),('BA00','H001047',NULL,9),('BA00','H001058',NULL,6),('BA00','H001072',NULL,10),('BA00','H001074',NULL,18),('BA00','K000392',NULL,17),('BA00','L000491',NULL,2),('BA00','L000562',NULL,22),('BA00','L000569',NULL,5),('BA00','L000583',NULL,13),('BA00','L000586',NULL,15),('BA00','M000087',NULL,2),('BA00','M001137',NULL,5),('BA00','M001156',NULL,1),('BA00','M001195',NULL,14),('BA00','O000172',NULL,26),('BA00','P000593',NULL,8),('BA00','P000599',NULL,4),('BA00','P000617',NULL,19),('BA00','R000612',NULL,20),('BA00','S000250',NULL,3),('BA00','S000344',NULL,4),('BA00','S001157',NULL,21),('BA00','S001204',NULL,16),('BA00','S001213',NULL,21),('BA00','T000479',NULL,24),('BA00','T000480',NULL,23),('BA00','T000481',NULL,24),('BA00','T000486',NULL,20),('BA00','V000081',NULL,3),('BA00','V000130',NULL,12),('BA00','W000187','Chair',1),('BA00','W000788',NULL,29),('BA00','W000812',NULL,7),('BA00','W000816',NULL,9),('BA00','Z000017',NULL,12),('BU00','B000825',NULL,15),('BU00','B001248',NULL,7),('BU00','B001296',NULL,4),('BU00','C000754',NULL,17),('BU00','C001080',NULL,12),('BU00','C001103',NULL,8),('BU00','C001118',NULL,9),('BU00','D000032',NULL,12),('BU00','D000399',NULL,5),('BU00','F000446',NULL,14),('BU00','G000576',NULL,4),('BU00','G000595',NULL,11),('BU00','H001038',NULL,3),('BU00','H001066',NULL,10),('BU00','H001091',NULL,10),('BU00','J000020',NULL,6),('BU00','J000032',NULL,16),('BU00','J000294',NULL,2),('BU00','J000298',NULL,21),('BU00','K000380',NULL,8),('BU00','K000388',NULL,2),('BU00','L000551',NULL,11),('BU00','M001177',NULL,3),('BU00','M001196',NULL,20),('BU00','M001205',NULL,16),('BU00','M001206',NULL,9),('BU00','O000019',NULL,13),('BU00','P000523',NULL,6),('BU00','P000608',NULL,19),('BU00','P000610',NULL,13),('BU00','S000185',NULL,15),('BU00','S001145',NULL,7),('BU00','S001165',NULL,18),('BU00','S001195',NULL,1),('BU00','S001199',NULL,5),('BU00','W000825',NULL,14),('BU00','Y000062','Chair',1),('CN00','A000377',NULL,5),('CN00','B001278',NULL,2),('CN00','B001285',NULL,3),('CN00','C001066','Chair',1),('CN00','C001103',NULL,3),('CN00','C001117',NULL,7),('CN00','C001120',NULL,6),('CN00','E000299',NULL,9),('CN00','G000577',NULL,1),('CN00','G000588',NULL,7),('CN00','H001068',NULL,4),('CN00','L000593',NULL,6),('CN00','M001200',NULL,5),('CN00','M001205',NULL,4),('CN00','N000191',NULL,8),('CN00','P000609',NULL,2),('EC00','A000375',NULL,9),('EC00','B001281',NULL,3),('EC00','B001292','Chairman',1),('EC00','D000629',NULL,6),('EC00','E000298',NULL,10),('EC00','H001056',NULL,8),('EC00','P000607',NULL,4),('EC00','P000608',NULL,5),('EC00','S001183',NULL,7),('EC00','T000483',NULL,2),('ED00','A000370',NULL,8),('ED00','A000372',NULL,7),('ED00','B001223','Vice Chair',23),('ED00','B001278',NULL,6),('ED00','B001299',NULL,8),('ED00','C001069',NULL,3),('ED00','C001091',NULL,25),('ED00','C001104',NULL,21),('ED00','C001108',NULL,9),('ED00','D000623',NULL,9),('ED00','E000297',NULL,28),('ED00','F000450',NULL,1),('ED00','F000469',NULL,10),('ED00','F000471',NULL,20),('ED00','G000551',NULL,2),('ED00','G000576',NULL,5),('ED00','G000595',NULL,15),('ED00','H001081',NULL,15),('ED00','H001086',NULL,17),('ED00','J000298',NULL,11),('ED00','J000306',NULL,20),('ED00','K000395',NULL,11),('ED00','L000273',NULL,19),('ED00','L000592',NULL,16),('ED00','L000595',NULL,23),('ED00','M000687',NULL,29),('ED00','M001135',NULL,21),('ED00','M001136',NULL,16),('ED00','M001206',NULL,12),('ED00','M001208',NULL,14),('ED00','M001210',NULL,12),('ED00','M001211',NULL,18),('ED00','M001214',NULL,22),('ED00','M001215',NULL,13),('ED00','N000188',NULL,10),('ED00','O000086',NULL,14),('ED00','O000173',NULL,17),('ED00','P000607',NULL,24),('ED00','S000185','Chair',1),('ED00','S000929',NULL,19),('ED00','S001135',NULL,22),('ED00','S001177',NULL,4),('ED00','S001196',NULL,6),('ED00','S001207',NULL,26),('ED00','S001215',NULL,18),('ED00','T000467',NULL,3),('ED00','T000472',NULL,7),('ED00','W000795',NULL,2),('ED00','W000798',NULL,4),('ED00','W000808',NULL,5),('ED00','W000826',NULL,13),('ED00','Y000062',NULL,27),('EF00','A000375',NULL,3),('EF00','B000740',NULL,4),('EF00','C001039',NULL,5),('EF00','C001119',NULL,6),('EF00','D000032',NULL,6),('EF00','D000626',NULL,2),('EF00','G000581',NULL,4),('EF00','H001047','Chair',1),('EF00','J000298',NULL,5),('EF00','J000305',NULL,8),('EF00','K000009',NULL,2),('EF00','M001160',NULL,3),('EF00','O000172',NULL,7),('EF00','S001213',NULL,1),('FA00','A000376',NULL,16),('FA00','B001270',NULL,6),('FA00','B001282',NULL,15),('FA00','B001287',NULL,9),('FA00','B001297',NULL,12),('FA00','B001309',NULL,13),('FA00','C000266',NULL,3),('FA00','C001059',NULL,24),('FA00','C001078',NULL,4),('FA00','C001084',NULL,8),('FA00','C001091',NULL,10),('FA00','D000610',NULL,5),('FA00','F000466',NULL,11),('FA00','G000581',NULL,26),('FA00','G000590',NULL,14),('FA00','H001085',NULL,19),('FA00','I000056',NULL,6),('FA00','J000304',NULL,22),('FA00','J000305',NULL,22),('FA00','K000375',NULL,7),('FA00','K000378',NULL,7),('FA00','K000394',NULL,21),('FA00','K000397',NULL,23),('FA00','L000582',NULL,12),('FA00','L000592',NULL,17),('FA00','M000317',NULL,20),('FA00','M001135',NULL,23),('FA00','M001137','Chair',1),('FA00','M001157',NULL,1),('FA00','M001186',NULL,21),('FA00','M001199',NULL,10),('FA00','M001203','Vice Chair',20),('FA00','M001204',NULL,17),('FA00','O000173',NULL,15),('FA00','P000048',NULL,19),('FA00','P000605',NULL,5),('FA00','P000616',NULL,14),('FA00','S000168',NULL,24),('FA00','S000344',NULL,2),('FA00','S000522',NULL,2),('FA00','S001165',NULL,3),('FA00','S001190',NULL,27),('FA00','S001209',NULL,18),('FA00','S001214',NULL,16),('FA00','T000468',NULL,11),('FA00','T000478',NULL,18),('FA00','V000130',NULL,25),('FA00','W000795',NULL,4),('FA00','W000812',NULL,9),('FA00','W000826',NULL,13),('FA00','Z000017',NULL,8),('GO00','B001224',NULL,13),('GO00','B001302',NULL,12),('GO00','C000754',NULL,4),('GO00','C001078',NULL,5),('GO00','C001108',NULL,1),('GO00','C001115',NULL,6),('GO00','C001116',NULL,13),('GO00','D000032',NULL,19),('GO00','D000096',NULL,14),('GO00','D000623',NULL,22),('GO00','F000246',NULL,17),('GO00','F000450',NULL,3),('GO00','F000472',NULL,15),('GO00','G000563',NULL,7),('GO00','G000576',NULL,5),('GO00','G000585',NULL,23),('GO00','H001071',NULL,4),('GO00','H001077',NULL,8),('GO00','H001084',NULL,18),('GO00','J000288',NULL,17),('GO00','J000289',NULL,2),('GO00','K000385',NULL,20),('GO00','K000389',NULL,8),('GO00','K000391',NULL,6),('GO00','K000395',NULL,11),('GO00','L000266',NULL,16),('GO00','L000562',NULL,3),('GO00','L000581',NULL,21),('GO00','M000087','Chair',1),('GO00','M000194',NULL,14),('GO00','M000687',NULL,9),('GO00','N000147',NULL,2),('GO00','N000190',NULL,9),('GO00','O000172',NULL,10),('GO00','P000617',NULL,24),('GO00','P000618',NULL,12),('GO00','Q000023',NULL,25),('GO00','R000606',NULL,7),('GO00','S000250',NULL,10),('GO00','S001168',NULL,18),('GO00','S001175',NULL,19),('GO00','T000481',NULL,11),('GO00','W000797',NULL,15),('GO00','W000800',NULL,16),('HA00','A000371',NULL,4),('HA00','B001251',NULL,3),('HA00','D000619',NULL,1),('HA00','L000273',NULL,6),('HA00','L000397','Chair',1),('HA00','L000583',NULL,2),('HA00','R000606',NULL,2),('HA00','S001205',NULL,5),('HA00','S001213',NULL,3),('HM00','B001300',NULL,15),('HM00','B001311',NULL,5),('HM00','C001039',NULL,14),('HM00','C001061',NULL,7),('HM00','C001067',NULL,9),('HM00','C001110',NULL,5),('HM00','C001116',NULL,10),('HM00','D000627',NULL,14),('HM00','G000553',NULL,8),('HM00','G000583',NULL,16),('HM00','G000591',NULL,4),('HM00','G000593',NULL,11),('HM00','G000597',NULL,16),('HM00','H001077',NULL,3),('HM00','H001086',NULL,9),('HM00','J000032',NULL,2),('HM00','K000386',NULL,1),('HM00','L000266',NULL,12),('HM00','L000559',NULL,3),('HM00','L000591',NULL,17),('HM00','M001157',NULL,2),('HM00','M001186',NULL,13),('HM00','M001203',NULL,18),('HM00','M001215',NULL,8),('HM00','N000190',NULL,7),('HM00','P000048',NULL,15),('HM00','P000604',NULL,4),('HM00','R000602',NULL,13),('HM00','S001193',NULL,10),('HM00','S001208',NULL,6),('HM00','T000193','Chair',1),('HM00','T000468',NULL,11),('HM00','T000486',NULL,19),('HM00','V000133',NULL,6),('HM00','W000822',NULL,12),('IF00','A000377',NULL,26),('IF00','B001248',NULL,3),('IF00','B001251',NULL,7),('IF00','B001257',NULL,10),('IF00','B001275',NULL,13),('IF00','B001300',NULL,23),('IF00','B001303',NULL,25),('IF00','C001066',NULL,9),('IF00','C001067',NULL,14),('IF00','C001097',NULL,16),('IF00','C001103',NULL,17),('IF00','C001114',NULL,21),('IF00','C001119',NULL,29),('IF00','C001120',NULL,24),('IF00','D000197',NULL,4),('IF00','D000482',NULL,5),('IF00','D000615',NULL,18),('IF00','D000624',NULL,19),('IF00','D000628',NULL,20),('IF00','E000215',NULL,3),('IF00','F000468',NULL,32),('IF00','G000558',NULL,6),('IF00','G000568',NULL,9),('IF00','H001067',NULL,15),('IF00','J000292',NULL,11),('IF00','J000302',NULL,25),('IF00','K000378',NULL,8),('IF00','K000382',NULL,21),('IF00','K000385',NULL,22),('IF00','L000566',NULL,5),('IF00','L000576',NULL,12),('IF00','L000589',NULL,22),('IF00','M001159',NULL,1),('IF00','M001163',NULL,8),('IF00','M001166',NULL,11),('IF00','M001180',NULL,7),('IF00','M001190',NULL,14),('IF00','M001200',NULL,24),('IF00','O000171',NULL,27),('IF00','P000034','Chair',1),('IF00','P000608',NULL,18),('IF00','P000609',NULL,19),('IF00','P000615',NULL,23),('IF00','R000515',NULL,2),('IF00','R000599',NULL,17),('IF00','R000602',NULL,28),('IF00','S001145',NULL,6),('IF00','S001168',NULL,10),('IF00','S001176',NULL,4),('IF00','S001180',NULL,15),('IF00','S001200',NULL,26),('IF00','S001216',NULL,30),('IF00','T000469',NULL,13),('IF00','T000482',NULL,31),('IF00','U000031',NULL,2),('IF00','V000131',NULL,20),('IF00','W000798',NULL,16),('IF00','W000800',NULL,12),('IG00','C000754',NULL,12),('IG00','C001072',NULL,3),('IG00','C001087',NULL,5),('IG00','C001091',NULL,7),('IG00','C001121',NULL,13),('IG00','D000627',NULL,10),('IG00','F000466',NULL,10),('IG00','H001047',NULL,2),('IG00','K000388',NULL,8),('IG00','K000391',NULL,11),('IG00','L000585',NULL,9),('IG00','M001185',NULL,9),('IG00','M001190',NULL,7),('IG00','N000181',NULL,1),('IG00','Q000023',NULL,5),('IG00','S001150','Chair',1),('IG00','S001175',NULL,4),('IG00','S001192',NULL,4),('IG00','S001193',NULL,6),('IG00','S001196',NULL,6),('IG00','T000463',NULL,2),('IG00','W000800',NULL,8),('IG00','W000815',NULL,3),('II00','B000668',NULL,21),('II00','B000825',NULL,19),('II00','B001285',NULL,15),('II00','C001054',NULL,15),('II00','C001055',NULL,21),('II00','C001059',NULL,3),('II00','C001068',NULL,23),('II00','D000197',NULL,14),('II00','D000624',NULL,16),('II00','F000469',NULL,12),('II00','G000551','Chair',1),('II00','G000552',NULL,3),('II00','G000574',NULL,7),('II00','G000577',NULL,7),('II00','G000582',NULL,11),('II00','G000586','Vice Chair',20),('II00','H001068',NULL,5),('II00','H001071',NULL,8),('II00','H001084',NULL,18),('II00','L000273',NULL,11),('II00','L000564',NULL,4),('II00','L000579',NULL,6),('II00','L000593',NULL,9),('II00','M001143',NULL,22),('II00','M001177',NULL,6),('II00','M001200',NULL,17),('II00','M001213',NULL,17),('II00','N000179',NULL,2),('II00','N000191',NULL,8),('II00','O000019',NULL,20),('II00','P000618',NULL,10),('II00','R000103',NULL,16),('II00','R000600',NULL,9),('II00','S001177',NULL,4),('II00','S001200',NULL,18),('II00','S001204',NULL,19),('II00','S001212',NULL,13),('II00','S001218',NULL,12),('II00','T000165',NULL,14),('II00','T000469',NULL,24),('II00','T000481',NULL,25),('II00','T000482',NULL,26),('II00','V000081',NULL,13),('II00','W000804',NULL,5),('II00','W000806',NULL,10),('II00','W000821',NULL,1),('II00','Y000033',NULL,2),('IJ00','A000371',NULL,4),('IJ00','C001109','Vice Chair',1),('IJ00','K000378',NULL,2),('IJ00','L000397',NULL,2),('IJ00','L000591',NULL,7),('IJ00','M001202',NULL,5),('IJ00','R000606',NULL,6),('IJ00','S001150',NULL,3),('IJ00','T000193','Chairman',1),('IT00','B000755',NULL,4),('IT00','D000399',NULL,2),('IT00','N000015','Chairman',1),('IT00','N000181',NULL,5),('IT00','T000460',NULL,3),('JL00','B001251',NULL,3),('JL00','D000619',NULL,4),('JL00','L000397','Chairperson',1),('JL00','L000583',NULL,5),('JL00','R000577',NULL,2),('JP00','D000619',NULL,4),('JP00','L000273',NULL,3),('JP00','L000397','Vice Chairperson',1),('JP00','L000583',NULL,5),('JP00','R000606',NULL,2),('JU00','B000668',NULL,18),('JU00','B001224',NULL,25),('JU00','B001270',NULL,7),('JU00','B001297',NULL,5),('JU00','B001302',NULL,8),('JU00','B001311',NULL,14),('JU00','C000266',NULL,2),('JU00','C001068',NULL,4),('JU00','C001084',NULL,9),('JU00','C001110',NULL,15),('JU00','D000610',NULL,6),('JU00','D000627',NULL,14),('JU00','D000631',NULL,21),('JU00','E000299',NULL,22),('JU00','F000470',NULL,15),('JU00','F000471',NULL,17),('JU00','G000552',NULL,3),('JU00','G000578',NULL,6),('JU00','G000587',NULL,17),('JU00','I000056',NULL,4),('JU00','J000032',NULL,3),('JU00','J000288',NULL,5),('JU00','J000289',NULL,1),('JU00','J000294',NULL,8),('JU00','J000298',NULL,13),('JU00','J000299',NULL,7),('JU00','J000306',NULL,23),('JU00','L000397',NULL,2),('JU00','L000582',NULL,11),('JU00','M001177',NULL,9),('JU00','M001184',NULL,12),('JU00','M001208',NULL,19),('JU00','N000002','Chair',1),('JU00','N000191',NULL,18),('JU00','O000086',NULL,19),('JU00','R000305',NULL,24),('JU00','R000606',NULL,12),('JU00','R000614',NULL,13),('JU00','S000929',NULL,16),('JU00','S001193',NULL,10),('JU00','S001205',NULL,16),('JU00','S001211',NULL,20),('JU00','S001214',NULL,10),('JU00','T000165',NULL,11),('MH00','C001061',NULL,3),('MH00','D000619',NULL,2),('MH00','J000295',NULL,4),('MH00','K000381','Chair',1),('MH00','L000397',NULL,2),('MH00','L000566',NULL,3),('MH00','P000593',NULL,4),('MH00','P000616',NULL,5),('MH00','R000610',NULL,5),('MH00','T000480','Vice Chair',1),('MH00','V000134',NULL,6),('MH00','W000788',NULL,6),('PW00','A000148',NULL,31),('PW00','A000376',NULL,24),('PW00','B001285',NULL,14),('PW00','B001291',NULL,10),('PW00','B001295',NULL,13),('PW00','B001304',NULL,21),('PW00','B001306',NULL,21),('PW00','B001309',NULL,23),('PW00','B001312',NULL,32),('PW00','C001068',NULL,6),('PW00','C001072',NULL,10),('PW00','C001087',NULL,3),('PW00','C001112',NULL,20),('PW00','C001125',NULL,37),('PW00','D000191','Chair',1),('PW00','D000619',NULL,8),('PW00','D000623',NULL,18),('PW00','D000629','Vice Chair',25),('PW00','D000630',NULL,27),('PW00','F000466',NULL,19),('PW00','G000546',NULL,1),('PW00','G000559',NULL,8),('PW00','G000563',NULL,4),('PW00','G000577',NULL,11),('PW00','G000579',NULL,18),('PW00','G000582',NULL,20),('PW00','G000586',NULL,26),('PW00','G000591',NULL,26),('PW00','G000593',NULL,31),('PW00','H001068',NULL,13),('PW00','J000126',NULL,3),('PW00','J000288',NULL,9),('PW00','J000301',NULL,24),('PW00','K000386',NULL,9),('PW00','K000396',NULL,33),('PW00','L000560',NULL,4),('PW00','L000562',NULL,19),('PW00','L000578',NULL,15),('PW00','L000579',NULL,17),('PW00','L000588',NULL,29),('PW00','M000194',NULL,28),('PW00','M000317',NULL,29),('PW00','M001184',NULL,6),('PW00','M001185',NULL,12),('PW00','M001196',NULL,30),('PW00','M001199',NULL,17),('PW00','M001203',NULL,22),('PW00','N000026',NULL,27),('PW00','N000147',NULL,2),('PW00','N000179',NULL,5),('PW00','N000192',NULL,36),('PW00','P000604',NULL,16),('PW00','P000605',NULL,7),('PW00','P000614',NULL,28),('PW00','R000603',NULL,12),('PW00','S001135',NULL,32),('PW00','S001159',NULL,34),('PW00','S001165',NULL,7),('PW00','S001211',NULL,23),('PW00','S001212',NULL,22),('PW00','T000468',NULL,11),('PW00','V000133',NULL,25),('PW00','V000134',NULL,30),('PW00','W000788',NULL,35),('PW00','W000806',NULL,5),('PW00','W000808',NULL,15),('PW00','W000814',NULL,14),('PW00','W000821',NULL,16),('PW00','Y000033',NULL,2),('RU00','B001248',NULL,2),('RU00','C001053',NULL,1),('RU00','D000623',NULL,7),('RU00','F000470',NULL,4),('RU00','M000312','Chair',1),('RU00','M001206',NULL,6),('RU00','N000191',NULL,9),('RU00','P000593',NULL,3),('RU00','R000305',NULL,8),('RU00','R000606',NULL,4),('RU00','R000610',NULL,3),('RU00','S001205',NULL,5),('RU00','T000474',NULL,2),('SM00','B001312',NULL,8),('SM00','C001080',NULL,10),('SM00','C001119',NULL,15),('SM00','C001121',NULL,3),('SM00','C001125',NULL,9),('SM00','D000032',NULL,10),('SM00','D000629',NULL,4),('SM00','D000630',NULL,12),('SM00','E000296',NULL,11),('SM00','F000471',NULL,12),('SM00','G000592',NULL,2),('SM00','G000597',NULL,7),('SM00','H001085',NULL,13),('SM00','H001088',NULL,2),('SM00','K000394',NULL,14),('SM00','K000397',NULL,8),('SM00','L000569',NULL,1),('SM00','M000687','Vice Chair',5),('SM00','M001204',NULL,5),('SM00','N000192',NULL,7),('SM00','P000616',NULL,6),('SM00','S000168',NULL,11),('SM00','S001212',NULL,3),('SM00','T000478',NULL,6),('SM00','V000081','Chair',1),('SM00','V000134',NULL,9),('SM00','W000816',NULL,4),('SO00','A000377',NULL,5),('SO00','D000610','Chair',1),('SO00','E000299',NULL,4),('SO00','G000591',NULL,2),('SO00','J000295',NULL,3),('SO00','J000306',NULL,5),('SO00','P000616',NULL,3),('SO00','R000609',NULL,4),('SO00','W000813',NULL,1),('SO00','W000826',NULL,2),('SY00','B000740',NULL,11),('SY00','B001223',NULL,7),('SY00','B001274',NULL,2),('SY00','B001278',NULL,3),('SY00','B001287','Vice Chair',4),('SY00','B001291',NULL,5),('SY00','B001292',NULL,15),('SY00','B001307',NULL,8),('SY00','C001111',NULL,16),('SY00','C001117',NULL,17),('SY00','E000071',NULL,18),('SY00','F000446',NULL,13),('SY00','F000454',NULL,13),('SY00','F000468',NULL,23),('SY00','G000061',NULL,10),('SY00','G000588',NULL,6),('SY00','G000593',NULL,15),('SY00','J000126','Chair',1),('SY00','K000380',NULL,21),('SY00','K000397',NULL,12),('SY00','L000266',NULL,14),('SY00','L000397',NULL,2),('SY00','L000491',NULL,1),('SY00','L000588',NULL,18),('SY00','M001160',NULL,20),('SY00','M001166',NULL,11),('SY00','M001186',NULL,17),('SY00','N000188',NULL,14),('SY00','O000019',NULL,16),('SY00','P000593',NULL,10),('SY00','P000599',NULL,3),('SY00','R000305',NULL,19),('SY00','S000344',NULL,9),('SY00','S001207',NULL,6),('SY00','S001215',NULL,5),('SY00','S001218',NULL,8),('SY00','T000469',NULL,12),('SY00','W000806',NULL,9),('SY00','W000814',NULL,4),('SY00','W000823',NULL,7),('SY00','W000826',NULL,22),('VC00','C000537','Chair',1),('VC00','F000454',NULL,5),('VC00','G000590',NULL,3),('VC00','J000289',NULL,2),('VC00','K000391',NULL,7),('VC00','M000087',NULL,3),('VC00','M000317',NULL,4),('VC00','M001215',NULL,5),('VC00','R000606',NULL,6),('VC00','S001176',NULL,1),('VC00','V000081',NULL,4),('VC00','W000187',NULL,2),('VR00','A000376',NULL,10),('VR00','B001285',NULL,2),('VR00','B001295',NULL,1),('VR00','B001299',NULL,4),('VR00','B001301',NULL,3),('VR00','B001304',NULL,12),('VR00','C001104',NULL,10),('VR00','E000071',NULL,14),('VR00','F000462',NULL,11),('VR00','G000574',NULL,17),('VR00','K000009',NULL,15),('VR00','L000588',NULL,3),('VR00','L000591',NULL,6),('VR00','L000593',NULL,4),('VR00','M000194',NULL,9),('VR00','M000871',NULL,7),('VR00','M001210',NULL,6),('VR00','M001212',NULL,8),('VR00','M001214',NULL,7),('VR00','M001215',NULL,13),('VR00','N000026',NULL,11),('VR00','P000614',NULL,5),('VR00','R000103',NULL,12),('VR00','R000599',NULL,16),('VR00','R000600',NULL,2),('VR00','R000614',NULL,5),('VR00','S001177',NULL,8),('VR00','S001208',NULL,13),('VR00','T000472','Chair',1),('VR00','T000483',NULL,14),('VR00','U000040',NULL,9),('WM00','A000375',NULL,13),('WM00','B000574',NULL,5),('WM00','B000755',NULL,1),('WM00','B001260',NULL,3),('WM00','B001292',NULL,17),('WM00','B001296',NULL,16),('WM00','C001080',NULL,13),('WM00','D000096',NULL,8),('WM00','D000399',NULL,2),('WM00','D000617',NULL,12),('WM00','E000296',NULL,18),('WM00','E000298',NULL,15),('WM00','F000465',NULL,14),('WM00','G000585',NULL,23),('WM00','H001038',NULL,10),('WM00','H001066',NULL,24),('WM00','H001082',NULL,17),('WM00','K000188',NULL,6),('WM00','K000376',NULL,6),('WM00','K000380',NULL,15),('WM00','L000557',NULL,4),('WM00','L000585',NULL,11),('WM00','M001160',NULL,14),('WM00','M001202',NULL,22),('WM00','M001205',NULL,18),('WM00','N000015','Chair',1),('WM00','N000181',NULL,2),('WM00','P000096',NULL,7),('WM00','P000610',NULL,25),('WM00','P000613',NULL,21),('WM00','R000585',NULL,5),('WM00','R000597',NULL,8),('WM00','S001156',NULL,9),('WM00','S001172',NULL,4),('WM00','S001183',NULL,9),('WM00','S001185',NULL,11),('WM00','S001190',NULL,19),('WM00','S001195',NULL,7),('WM00','S001199',NULL,16),('WM00','S001201',NULL,20),('WM00','T000460',NULL,3),('WM00','W000813',NULL,10),('WM00','W000815',NULL,12);
/*!40000 ALTER TABLE `member_committee` ENABLE KEYS */;
UNLOCK TABLES;

--
-- Table structure for table `member_subcommittee`
--

DROP TABLE IF EXISTS `member_subcommittee`;
/*!40101 SET @saved_cs_client     = @@character_set_client */;
/*!40101 SET character_set_client = utf8 */;
CREATE TABLE `member_subcommittee` (
  `subcomcode` varchar(100) NOT NULL,
  `bioguideID` varchar(100) NOT NULL,
  `leadership` varchar(100) DEFAULT NULL,
  `rank` int(11) NOT NULL,
  PRIMARY KEY (`subcomcode`,`bioguideID`),
  KEY `bioguideID` (`bioguideID`),
  CONSTRAINT `member_subcommittee_ibfk_1` FOREIGN KEY (`subcomcode`) REFERENCES `subcommittee` (`subcomcode`),
  CONSTRAINT `member_subcommittee_ibfk_2` FOREIGN KEY (`bioguideID`) REFERENCES `member` (`bioguideID`)
) ENGINE=InnoDB DEFAULT CHARSET=latin1;
/*!40101 SET character_set_client = @saved_cs_client */;

--
-- Dumping data for table `member_subcommittee`
--

LOCK TABLES `member_subcommittee` WRITE;
/*!40000 ALTER TABLE `member_subcommittee` DISABLE KEYS */;
INSERT INTO `member_subcommittee` VALUES ('AG03','A000370',NULL,3),('AG03','B001298',NULL,1),('AG03','B001307',NULL,5),('AG03','C001039',NULL,8),('AG03','C001087',NULL,2),('AG03','C001112',NULL,6),('AG03','C001115',NULL,7),('AG03','D000616',NULL,3),('AG03','H001053',NULL,4),('AG03','H001081','Chair',1),('AG03','J000020',NULL,6),('AG03','K000382',NULL,8),('AG03','L000586',NULL,7),('AG03','L000595',NULL,9),('AG03','M000312',NULL,2),('AG03','M001185',NULL,10),('AG03','P000613',NULL,9),('AG03','R000515',NULL,4),('AG03','S001177',NULL,5),('AG14','B001298',NULL,5),('AG14','B001306',NULL,8),('AG14','B001307',NULL,1),('AG14','C001087',NULL,3),('AG14','C001110',NULL,10),('AG14','C001112',NULL,7),('AG14','D000619',NULL,4),('AG14','D000630',NULL,2),('AG14','F000470',NULL,9),('AG14','H001088',NULL,6),('AG14','H001090',NULL,9),('AG14','J000020',NULL,7),('AG14','K000368',NULL,11),('AG14','L000586',NULL,8),('AG14','L000595',NULL,10),('AG14','M001185',NULL,6),('AG14','P000597',NULL,5),('AG14','P000610','Chair',1),('AG14','P000613',NULL,4),('AG14','S001189',NULL,2),('AG14','S001216',NULL,3),('AG15','A000372',NULL,3),('AG15','C001110',NULL,7),('AG15','D000616',NULL,2),('AG15','J000301',NULL,5),('AG15','K000382',NULL,4),('AG15','K000388',NULL,4),('AG15','L000578',NULL,1),('AG15','M001211',NULL,6),('AG15','M001212',NULL,7),('AG15','O000171',NULL,5),('AG15','P000597',NULL,3),('AG15','P000613',NULL,6),('AG15','S001209','Chair',1),('AG15','S001216',NULL,8),('AG15','V000132',NULL,2),('AG16','A000372',NULL,3),('AG16','B000490',NULL,7),('AG16','B001286','Chair',1),('AG16','C001087',NULL,2),('AG16','C001112',NULL,4),('AG16','C001119',NULL,2),('AG16','L000586',NULL,6),('AG16','M000871',NULL,5),('AG16','M001211',NULL,6),('AG16','O000171',NULL,5),('AG16','R000603',NULL,4),('AG16','S001189',NULL,1),('AG16','V000132',NULL,3),('AG22','A000378',NULL,5),('AG22','B001286',NULL,9),('AG22','B001306',NULL,6),('AG22','C001039',NULL,9),('AG22','C001115',NULL,7),('AG22','C001119',NULL,7),('AG22','D000619',NULL,4),('AG22','D000630','Chair',1),('AG22','F000446',NULL,8),('AG22','F000470',NULL,1),('AG22','J000020',NULL,5),('AG22','K000382',NULL,8),('AG22','K000389',NULL,4),('AG22','L000578',NULL,3),('AG22','M001185',NULL,2),('AG22','P000610',NULL,3),('AG22','R000515',NULL,6),('AG22','S001189',NULL,2),('AG29','A000378',NULL,7),('AG29','B000490',NULL,11),('AG29','B001298',NULL,6),('AG29','B001307',NULL,7),('AG29','C001059','Chair',1),('AG29','C001110',NULL,4),('AG29','C001119',NULL,10),('AG29','D000616',NULL,2),('AG29','F000446',NULL,10),('AG29','H001053',NULL,3),('AG29','H001081',NULL,3),('AG29','H001088',NULL,8),('AG29','H001090',NULL,5),('AG29','J000301',NULL,1),('AG29','K000388',NULL,5),('AG29','K000389',NULL,6),('AG29','M000871',NULL,9),('AG29','M001212',NULL,11),('AG29','P000610',NULL,9),('AG29','R000515',NULL,8),('AG29','R000603',NULL,4),('AG29','S001209',NULL,2),('AP01','A000055',NULL,2),('AP01','B000490','Chairman',1),('AP01','C001063',NULL,8),('AP01','H001052',NULL,1),('AP01','L000551',NULL,5),('AP01','M001143',NULL,6),('AP01','M001188',NULL,9),('AP01','M001194',NULL,4),('AP01','N000189',NULL,5),('AP01','P000597',NULL,2),('AP01','P000607',NULL,3),('AP01','U000040',NULL,4),('AP01','V000129',NULL,3),('AP01','W000797',NULL,7),('AP02','A000055',NULL,5),('AP02','A000371',NULL,7),('AP02','B001286',NULL,8),('AP02','C000059',NULL,1),('AP02','C001051',NULL,6),('AP02','C001053',NULL,3),('AP02','C001063',NULL,5),('AP02','C001111',NULL,9),('AP02','D000600',NULL,7),('AP02','K000009',NULL,4),('AP02','K000368',NULL,10),('AP02','K000381',NULL,6),('AP02','M001143','Chair',1),('AP02','R000395',NULL,2),('AP02','R000576',NULL,3),('AP02','R000577',NULL,2),('AP02','W000809',NULL,4),('AP04','D000600',NULL,2),('AP04','E000297',NULL,6),('AP04','F000462',NULL,4),('AP04','L000551','Chairwoman',1),('AP04','M001188',NULL,2),('AP04','P000523',NULL,3),('AP04','R000395',NULL,1),('AP04','R000610',NULL,4),('AP04','T000474',NULL,5),('AP04','W000825',NULL,7),('AP06','A000369',NULL,4),('AP06','C001090',NULL,7),('AP06','H001090',NULL,4),('AP06','J000295',NULL,1),('AP06','K000009',NULL,6),('AP06','K000381',NULL,3),('AP06','L000590',NULL,5),('AP06','M001143',NULL,2),('AP06','P000597','Chair',1),('AP06','S001148',NULL,2),('AP06','S001192',NULL,3),('AP07','B001286',NULL,7),('AP07','C001053',NULL,1),('AP07','C001101',NULL,5),('AP07','C001118',NULL,6),('AP07','D000216','Chairwoman',1),('AP07','F000459',NULL,3),('AP07','F000462',NULL,6),('AP07','H001052',NULL,2),('AP07','H001056',NULL,4),('AP07','H001090',NULL,10),('AP07','L000551',NULL,3),('AP07','L000581',NULL,9),('AP07','M001194',NULL,5),('AP07','P000607',NULL,4),('AP07','R000486',NULL,2),('AP07','W000822',NULL,8),('AP10','B001286',NULL,8),('AP10','C000059',NULL,2),('AP10','F000459',NULL,3),('AP10','F000462',NULL,7),('AP10','H001056',NULL,5),('AP10','K000009','Chairwoman',1),('AP10','K000368',NULL,3),('AP10','K000381',NULL,6),('AP10','L000590',NULL,4),('AP10','N000189',NULL,4),('AP10','R000577',NULL,5),('AP10','R000610',NULL,6),('AP10','S001148',NULL,1),('AP10','W000797',NULL,2),('AP10','W000822',NULL,9),('AP15','A000371',NULL,7),('AP15','C001063',NULL,2),('AP15','F000459',NULL,1),('AP15','H001091',NULL,4),('AP15','P000523',NULL,4),('AP15','P000601',NULL,2),('AP15','Q000023',NULL,6),('AP15','R000486','Chairwoman',1),('AP15','R000576',NULL,5),('AP15','R000609',NULL,3),('AP15','U000040',NULL,3),('AP18','B000490',NULL,2),('AP18','C001051',NULL,1),('AP18','C001055',NULL,3),('AP18','C001111',NULL,5),('AP18','G000594',NULL,4),('AP18','L000590',NULL,7),('AP18','P000597',NULL,4),('AP18','R000609',NULL,3),('AP18','T000483',NULL,6),('AP18','V000129',NULL,2),('AP18','W000797','Chairwoman',1),('AP19','A000055',NULL,1),('AP19','C001055',NULL,4),('AP19','C001090','Chairman',1),('AP19','C001111',NULL,3),('AP19','C001118',NULL,3),('AP19','G000061',NULL,4),('AP19','L000581',NULL,6),('AP19','M001188',NULL,2),('AP19','P000601',NULL,2),('AP19','R000576',NULL,5),('AP19','T000483',NULL,7),('AP20','A000371',NULL,6),('AP20','C001101',NULL,3),('AP20','D000600',NULL,1),('AP20','E000297',NULL,7),('AP20','G000061',NULL,4),('AP20','G000594',NULL,6),('AP20','H001091',NULL,5),('AP20','P000523','Chairman',1),('AP20','Q000023',NULL,2),('AP20','R000609',NULL,3),('AP20','T000474',NULL,5),('AP20','T000483',NULL,9),('AP20','W000809',NULL,2),('AP20','W000822',NULL,4),('AP20','W000825',NULL,8),('AP23','A000369',NULL,2),('AP23','B000490',NULL,3),('AP23','C001090',NULL,2),('AP23','J000295',NULL,4),('AP23','K000368',NULL,7),('AP23','L000581',NULL,5),('AP23','P000607',NULL,4),('AP23','Q000023','Chairman',1),('AP23','S001192',NULL,3),('AP23','T000474',NULL,6),('AP23','W000809',NULL,1),('AP24','A000369',NULL,2),('AP24','C001055',NULL,3),('AP24','C001101',NULL,2),('AP24','E000297',NULL,4),('AP24','H001056',NULL,1),('AP24','N000189',NULL,3),('AP24','R000577','Chairman',1),('AP24','W000825',NULL,5),('AS02','B000740',NULL,2),('AS02','C001054',NULL,5),('AS02','E000299','Vice Chair',4),('AS02','F000246',NULL,6),('AS02','G000579',NULL,1),('AS02','H001085',NULL,3),('AS02','J000304',NULL,4),('AS02','J000305',NULL,5),('AS02','K000394',NULL,2),('AS02','M001136',NULL,3),('AS02','S001159',NULL,6),('AS02','S001175','Chair',1),('AS02','V000131',NULL,7),('AS03','B001301',NULL,4),('AS03','C001069',NULL,2),('AS03','C001121',NULL,4),('AS03','G000559','Chair',1),('AS03','G000590',NULL,6),('AS03','G000592',NULL,6),('AS03','J000299',NULL,5),('AS03','K000396',NULL,8),('AS03','L000564',NULL,1),('AS03','L000591',NULL,7),('AS03','M001136',NULL,7),('AS03','M001213',NULL,8),('AS03','S001159',NULL,9),('AS03','S001175',NULL,3),('AS03','S001189',NULL,3),('AS03','S001208','Vice Chair',5),('AS03','W000795',NULL,2),('AS25','B001298',NULL,6),('AS25','B001304',NULL,4),('AS25','C001112',NULL,3),('AS25','D000616',NULL,4),('AS25','G000574',NULL,2),('AS25','G000578',NULL,5),('AS25','G000590',NULL,7),('AS25','H001053',NULL,1),('AS25','H001066',NULL,9),('AS25','J000304',NULL,8),('AS25','K000396',NULL,6),('AS25','M001202',NULL,8),('AS25','N000188','Chair',1),('AS25','S001207','Vice Chair',5),('AS25','T000463',NULL,2),('AS25','V000131',NULL,7),('AS25','W000804',NULL,3),('AS26','B001298',NULL,4),('AS26','C000754',NULL,3),('AS26','C001109',NULL,5),('AS26','F000472',NULL,7),('AS26','G000546',NULL,3),('AS26','G000574','Chair',1),('AS26','K000375',NULL,4),('AS26','K000388',NULL,1),('AS26','L000560',NULL,2),('AS26','M001202','Vice Chair',8),('AS26','P000613',NULL,7),('AS26','S001189',NULL,2),('AS26','S001207',NULL,6),('AS26','V000132',NULL,5),('AS26','W000823',NULL,6),('AS28','B001299',NULL,6),('AS28','B001301',NULL,7),('AS28','B001304',NULL,5),('AS28','C000754',NULL,3),('AS28','C001054',NULL,8),('AS28','C001069','Chair',1),('AS28','G000546',NULL,3),('AS28','G000579',NULL,5),('AS28','G000592','Vice Chair',7),('AS28','H001053',NULL,2),('AS28','J000305',NULL,9),('AS28','K000388',NULL,4),('AS28','L000559',NULL,2),('AS28','L000591',NULL,8),('AS28','N000188',NULL,4),('AS28','V000132',NULL,6),('AS28','W000804',NULL,1),('AS29','B001274',NULL,4),('AS29','C000754','Chair',1),('AS29','C001109',NULL,7),('AS29','C001112','Vice Chair',5),('AS29','D000616',NULL,6),('AS29','G000559',NULL,3),('AS29','H001066',NULL,9),('AS29','K000389',NULL,6),('AS29','L000559',NULL,2),('AS29','L000564',NULL,3),('AS29','M001196',NULL,4),('AS29','M001206',NULL,7),('AS29','P000613',NULL,8),('AS29','S001196',NULL,5),('AS29','T000463',NULL,1),('AS29','W000795',NULL,2),('AS29','W000823',NULL,8),('AS35','B000740',NULL,6),('AS35','B001274',NULL,3),('AS35','B001299',NULL,1),('AS35','C001121',NULL,8),('AS35','E000299',NULL,10),('AS35','F000246',NULL,9),('AS35','F000472',NULL,7),('AS35','G000578',NULL,4),('AS35','H001085','Vice Chair',7),('AS35','J000299',NULL,5),('AS35','K000375',NULL,5),('AS35','K000389',NULL,4),('AS35','K000394',NULL,6),('AS35','L000559','Chair',1),('AS35','L000560',NULL,2),('AS35','M001196',NULL,3),('AS35','M001206',NULL,11),('AS35','M001213',NULL,8),('AS35','S001196',NULL,2),('AS35','S001208',NULL,9),('BA01','A000148',NULL,9),('BA01','B001282',NULL,1),('BA01','D000626',NULL,6),('BA01','D000631',NULL,6),('BA01','E000294',NULL,5),('BA01','G000583',NULL,2),('BA01','G000586',NULL,8),('BA01','G000588',NULL,7),('BA01','H001047','Chair',1),('BA01','H001072',NULL,2),('BA01','L000562',NULL,5),('BA01','O000172',NULL,7),('BA01','S000250',NULL,8),('BA01','S001204',NULL,3),('BA01','T000486',NULL,4),('BA01','W000816',NULL,4),('BA01','Z000017',NULL,3),('BA04','A000378',NULL,10),('BA04','B001281',NULL,4),('BA04','C001061','Chair',1),('BA04','G000553',NULL,5),('BA04','G000581',NULL,6),('BA04','G000589',NULL,2),('BA04','H001058',NULL,4),('BA04','H001072',NULL,1),('BA04','H001074',NULL,6),('BA04','L000586',NULL,9),('BA04','M000087',NULL,7),('BA04','P000599',NULL,3),('BA04','R000612',NULL,8),('BA04','S000344',NULL,3),('BA04','S001213',NULL,7),('BA04','T000479',NULL,9),('BA04','T000486',NULL,11),('BA04','V000081',NULL,2),('BA04','V000130',NULL,8),('BA04','Z000017',NULL,5),('BA09','A000370',NULL,3),('BA09','C001061',NULL,2),('BA09','E000294',NULL,1),('BA09','G000553','Chair',1),('BA09','G000586',NULL,5),('BA09','G000587',NULL,6),('BA09','K000392',NULL,4),('BA09','L000583',NULL,2),('BA09','M001195',NULL,3),('BA09','T000480',NULL,5),('BA09','T000481',NULL,4),('BA09','W000788',NULL,7),('BA13','A000148',NULL,8),('BA13','B001281','Chairwoman',1),('BA13','B001305',NULL,3),('BA13','D000631',NULL,5),('BA13','G000587',NULL,6),('BA13','G000588',NULL,4),('BA13','G000589',NULL,6),('BA13','L000491',NULL,2),('BA13','L000562',NULL,3),('BA13','P000617',NULL,2),('BA13','R000612',NULL,5),('BA13','T000480',NULL,7),('BA13','T000481',NULL,4),('BA13','W000788',NULL,7),('BA13','W000812',NULL,1),('BA15','B001282',NULL,4),('BA15','B001305',NULL,7),('BA15','C001117',NULL,11),('BA15','F000454',NULL,7),('BA15','G000553',NULL,6),('BA15','K000392',NULL,8),('BA15','L000491',NULL,2),('BA15','L000569',NULL,1),('BA15','L000583',NULL,6),('BA15','L000586',NULL,9),('BA15','M001137',NULL,2),('BA15','P000593','Chair',1),('BA15','P000599',NULL,3),('BA15','P000617',NULL,12),('BA15','R000612',NULL,9),('BA15','S000344',NULL,5),('BA15','S001157',NULL,3),('BA15','S001204',NULL,10),('BA15','T000480',NULL,10),('BA15','T000486',NULL,13),('BA15','V000081',NULL,4),('BA15','V000130',NULL,8),('BA15','W000816',NULL,5),('BA16','A000378',NULL,11),('BA16','C001061',NULL,13),('BA16','C001117',NULL,12),('BA16','D000626',NULL,6),('BA16','E000294',NULL,4),('BA16','F000454',NULL,5),('BA16','G000581',NULL,9),('BA16','G000583',NULL,8),('BA16','G000588',NULL,8),('BA16','H001047',NULL,4),('BA16','H001058',NULL,1),('BA16','H001072',NULL,3),('BA16','H001074',NULL,7),('BA16','M000087',NULL,2),('BA16','M001137',NULL,6),('BA16','M001195',NULL,5),('BA16','S000344','Chair',1),('BA16','S001157',NULL,3),('BA16','S001204',NULL,10),('BA16','S001213',NULL,9),('BA16','T000479',NULL,10),('BA16','V000130',NULL,7),('BA16','W000812',NULL,2),('ED02','A000372',NULL,1),('ED02','B001299',NULL,4),('ED02','C001069',NULL,2),('ED02','D000623','Chair',1),('ED02','F000471',NULL,7),('ED02','H001086',NULL,5),('ED02','L000592',NULL,7),('ED02','M001206',NULL,4),('ED02','M001208',NULL,6),('ED02','M001211',NULL,6),('ED02','M001214',NULL,9),('ED02','N000188',NULL,3),('ED02','S001215',NULL,8),('ED02','W000795',NULL,2),('ED02','W000798',NULL,3),('ED02','W000826',NULL,5),('ED07','A000370',NULL,2),('ED07','B001223',NULL,6),('ED07','B001278','Chair',1),('ED07','F000469',NULL,1),('ED07','F000471',NULL,5),('ED07','H001081',NULL,3),('ED07','L000273',NULL,4),('ED07','M000687',NULL,7),('ED07','M001136',NULL,3),('ED07','M001214',NULL,5),('ED07','S000929',NULL,4),('ED07','T000467',NULL,2),('ED10','A000370','Chair',1),('ED10','C001104',NULL,6),('ED10','G000595',NULL,5),('ED10','J000298',NULL,4),('ED10','J000306',NULL,7),('ED10','K000395',NULL,1),('ED10','M001215',NULL,3),('ED10','N000188',NULL,3),('ED10','O000086',NULL,4),('ED10','O000173',NULL,5),('ED10','S000185',NULL,9),('ED10','S001135',NULL,7),('ED10','S001196',NULL,2),('ED10','S001215',NULL,6),('ED10','T000472',NULL,2),('ED10','Y000062',NULL,8),('ED13','B001223',NULL,8),('ED13','B001278',NULL,15),('ED13','B001299',NULL,4),('ED13','C001069',NULL,14),('ED13','C001091',NULL,10),('ED13','C001108',NULL,5),('ED13','E000297',NULL,12),('ED13','F000469',NULL,6),('ED13','G000551',NULL,13),('ED13','G000576',NULL,2),('ED13','G000595',NULL,8),('ED13','H001086',NULL,10),('ED13','J000298',NULL,3),('ED13','J000306',NULL,6),('ED13','L000273',NULL,5),('ED13','L000595',NULL,12),('ED13','M001135',NULL,7),('ED13','M001136',NULL,9),('ED13','M001210',NULL,1),('ED13','M001215',NULL,7),('ED13','O000173',NULL,4),('ED13','P000607',NULL,9),('ED13','S000929',NULL,11),('ED13','S001196',NULL,3),('ED13','S001207',NULL,11),('ED13','T000472',NULL,2),('ED13','W000808','Chair',1),('ED14','A000372',NULL,3),('ED14','B001223',NULL,11),('ED14','C001104',NULL,6),('ED14','D000623',NULL,6),('ED14','G000551',NULL,3),('ED14','G000576',NULL,2),('ED14','H001081',NULL,2),('ED14','K000395',NULL,4),('ED14','L000592',NULL,9),('ED14','L000595',NULL,8),('ED14','M001135',NULL,10),('ED14','M001206',NULL,7),('ED14','M001208',NULL,8),('ED14','M001211',NULL,5),('ED14','O000086',NULL,1),('ED14','S000185',NULL,12),('ED14','S001135',NULL,7),('ED14','S001177','Chair',1),('ED14','W000808',NULL,5),('ED14','Y000062',NULL,4),('FA05','B001282',NULL,7),('FA05','B001287','Chair',1),('FA05','B001297',NULL,4),('FA05','B001309',NULL,5),('FA05','C000266',NULL,1),('FA05','C001078',NULL,7),('FA05','G000590',NULL,6),('FA05','H001085',NULL,5),('FA05','K000394',NULL,6),('FA05','K000397',NULL,8),('FA05','L000582',NULL,8),('FA05','L000592','Vice Chair',4),('FA05','M001135',NULL,10),('FA05','P000605',NULL,2),('FA05','S000344',NULL,2),('FA05','S001209',NULL,9),('FA05','T000468',NULL,3),('FA05','W000812',NULL,3),('FA07','C001091',NULL,2),('FA07','G000581',NULL,4),('FA07','G000590',NULL,1),('FA07','L000592',NULL,3),('FA07','P000048',NULL,2),('FA07','S000168',NULL,3),('FA07','S001165','Chair',1),('FA07','V000130','Vice Chair',5),('FA13','A000376',NULL,5),('FA13','B001309',NULL,6),('FA13','C001078',NULL,2),('FA13','C001084',NULL,3),('FA13','D000610','Chair',1),('FA13','J000304',NULL,8),('FA13','K000375',NULL,8),('FA13','K000378',NULL,3),('FA13','L000582',NULL,4),('FA13','M001135','Vice Chair',7),('FA13','M001199',NULL,5),('FA13','M001203',NULL,6),('FA13','P000605',NULL,2),('FA13','S000168',NULL,9),('FA13','S000344',NULL,9),('FA13','S001190',NULL,11),('FA13','S001214',NULL,7),('FA13','V000130',NULL,10),('FA13','W000795',NULL,1),('FA13','Z000017',NULL,4),('FA14','C001059',NULL,9),('FA14','C001084',NULL,6),('FA14','D000610',NULL,5),('FA14','F000466',NULL,1),('FA14','G000581',NULL,10),('FA14','K000375','Chair',1),('FA14','K000378',NULL,3),('FA14','M000317',NULL,7),('FA14','M001186',NULL,8),('FA14','M001199',NULL,4),('FA14','M001204',NULL,5),('FA14','P000048',NULL,6),('FA14','P000616',NULL,8),('FA14','S001165',NULL,4),('FA14','S001190',NULL,11),('FA14','S001209','Vice Chair',3),('FA14','T000468',NULL,7),('FA14','T000478',NULL,9),('FA14','W000812',NULL,2),('FA14','W000826',NULL,2),('FA16','B001270','Chair',1),('FA16','B001287',NULL,4),('FA16','C001084',NULL,7),('FA16','I000056',NULL,2),('FA16','J000304',NULL,6),('FA16','J000305',NULL,6),('FA16','K000397',NULL,5),('FA16','M001203',NULL,5),('FA16','M001204',NULL,4),('FA16','O000173','Vice Chair',3),('FA16','P000616',NULL,2),('FA16','S000522',NULL,1),('FA16','S001214',NULL,3),('FA17','C001091','Chair',1),('FA17','H001085',NULL,5),('FA17','I000056',NULL,2),('FA17','J000305','Vice Chair',2),('FA17','K000394',NULL,6),('FA17','M000317',NULL,1),('FA17','O000173',NULL,4),('FA17','S000344',NULL,3),('FA17','T000478',NULL,4),('FA17','Z000017',NULL,3),('GO02','B001302',NULL,5),('GO02','D000032',NULL,7),('GO02','D000096',NULL,9),('GO02','F000472',NULL,6),('GO02','H001077',NULL,3),('GO02','J000289',NULL,2),('GO02','K000385',NULL,4),('GO02','M000194',NULL,1),('GO02','M000687',NULL,2),('GO02','N000147',NULL,6),('GO02','O000172',NULL,7),('GO02','P000617',NULL,5),('GO02','R000606','Chairman',1),('GO02','S000250',NULL,4),('GO02','T000481',NULL,8),('GO02','W000797',NULL,3),('GO05','B001224',NULL,3),('GO05','C001115',NULL,1),('GO05','C001116',NULL,4),('GO05','D000032',NULL,5),('GO05','D000623',NULL,6),('GO05','F000472',NULL,3),('GO05','J000288',NULL,5),('GO05','K000391','Chairman',1),('GO05','K000395',NULL,2),('GO05','P000617',NULL,7),('GO05','P000618',NULL,2),('GO05','S001175',NULL,4),('GO06','D000623',NULL,4),('GO06','F000450',NULL,3),('GO06','G000563',NULL,4),('GO06','G000576',NULL,1),('GO06','H001077',NULL,5),('GO06','J000288',NULL,3),('GO06','L000562','Chairman',1),('GO06','M000687',NULL,5),('GO06','S001175',NULL,7),('GO06','W000797',NULL,6),('GO06','W000800',NULL,2),('GO24','B001302',NULL,4),('GO24','C001078','Chairman',1),('GO24','C001116',NULL,3),('GO24','D000096',NULL,3),('GO24','H001071',NULL,1),('GO24','H001084',NULL,7),('GO24','K000389',NULL,8),('GO24','K000395',NULL,2),('GO24','L000266',NULL,6),('GO24','L000562',NULL,6),('GO24','L000581',NULL,5),('GO24','M000194',NULL,5),('GO24','N000147',NULL,2),('GO24','P000618',NULL,9),('GO24','R000606',NULL,7),('GO24','S001168',NULL,4),('GO28','B001224',NULL,7),('GO28','C000754',NULL,2),('GO28','F000246',NULL,4),('GO28','G000563',NULL,3),('GO28','G000585',NULL,5),('GO28','H001084',NULL,5),('GO28','K000389','Chairman',1),('GO28','K000391',NULL,6),('GO28','N000190',NULL,1),('GO28','O000172',NULL,3),('GO28','T000481',NULL,4),('HA08','A000371',NULL,2),('HA08','B001251','Chair',1),('HA08','L000273',NULL,3),('HA08','S001213',NULL,1),('HM05','G000583',NULL,5),('HM05','G000591',NULL,2),('HM05','J000032',NULL,2),('HM05','K000386','Ex Officio',6),('HM05','L000266',NULL,4),('HM05','L000559',NULL,3),('HM05','M001186',NULL,5),('HM05','M001203',NULL,6),('HM05','P000048',NULL,1),('HM05','S001193',NULL,4),('HM05','S001208','Chairwoman',1),('HM05','T000193','Ex Officio',7),('HM05','V000133',NULL,3),('HM07','G000583',NULL,4),('HM07','G000593',NULL,1),('HM07','K000386','Ex Officio',5),('HM07','L000591',NULL,5),('HM07','M001215',NULL,4),('HM07','N000190',NULL,3),('HM07','P000604',NULL,2),('HM07','T000193','Ex Officio',6),('HM07','T000468',NULL,3),('HM07','V000133',NULL,2),('HM07','W000822','Chairwoman',1),('HM08','C001067','Chairwoman',1),('HM08','C001116',NULL,4),('HM08','G000597',NULL,1),('HM08','H001086',NULL,3),('HM08','J000032',NULL,2),('HM08','K000386','Ex Officio',6),('HM08','L000266',NULL,5),('HM08','L000559',NULL,3),('HM08','N000190',NULL,2),('HM08','R000602',NULL,5),('HM08','S001208',NULL,4),('HM08','T000193','Ex Officio',7),('HM08','T000486',NULL,6),('HM09','B001311',NULL,2),('HM09','C001110','Chairman',1),('HM09','H001086',NULL,3),('HM09','K000386','Ex Officio',4),('HM09','M001186',NULL,1),('HM09','P000604',NULL,2),('HM09','T000193','Ex Officio',5),('HM09','T000468',NULL,3),('HM09','T000486',NULL,4),('HM11','B001300','Chairwoman',1),('HM11','B001311',NULL,3),('HM11','C001061',NULL,3),('HM11','C001067',NULL,5),('HM11','C001110',NULL,2),('HM11','C001116',NULL,4),('HM11','G000553',NULL,4),('HM11','G000591',NULL,2),('HM11','H001077',NULL,1),('HM11','K000386','Ex Officio',5),('HM11','T000193','Ex Officio',6),('HM12','C001039',NULL,1),('HM12','D000627','Chairwoman',1),('HM12','G000553',NULL,4),('HM12','G000597',NULL,4),('HM12','H001077',NULL,2),('HM12','J000032',NULL,2),('HM12','K000386','Ex Officio',5),('HM12','M001215',NULL,3),('HM12','P000604',NULL,3),('HM12','T000193','Ex Officio',6),('HM12','W000822',NULL,5),('IF02','B001248',NULL,2),('IF02','D000197','Chair',1),('IF02','D000628',NULL,6),('IF02','G000568',NULL,1),('IF02','J000302',NULL,7),('IF02','K000382',NULL,2),('IF02','L000576',NULL,4),('IF02','M001180',NULL,3),('IF02','O000171',NULL,10),('IF02','P000608',NULL,7),('IF02','P000609',NULL,5),('IF02','R000599',NULL,6),('IF02','R000602',NULL,3),('IF02','S001145',NULL,4),('IF02','S001216',NULL,8),('IF02','T000469',NULL,5),('IF02','T000482',NULL,9),('IF03','A000377',NULL,14),('IF03','B001248',NULL,2),('IF03','B001251',NULL,9),('IF03','B001275',NULL,8),('IF03','B001300',NULL,15),('IF03','B001303',NULL,17),('IF03','C001066',NULL,11),('IF03','D000197',NULL,8),('IF03','D000482',NULL,3),('IF03','D000615',NULL,10),('IF03','G000568',NULL,6),('IF03','J000292',NULL,7),('IF03','K000378',NULL,5),('IF03','K000382',NULL,14),('IF03','L000566',NULL,3),('IF03','L000589',NULL,12),('IF03','M001163',NULL,10),('IF03','M001166',NULL,4),('IF03','M001180',NULL,4),('IF03','M001200',NULL,16),('IF03','O000171',NULL,18),('IF03','P000608',NULL,2),('IF03','P000609',NULL,11),('IF03','P000615',NULL,13),('IF03','R000515','Chairman',1),('IF03','S001180',NULL,13),('IF03','S001216',NULL,7),('IF03','T000469',NULL,5),('IF03','U000031',NULL,1),('IF03','V000131',NULL,6),('IF03','W000798',NULL,9),('IF03','W000800',NULL,12),('IF14','B001248',NULL,3),('IF14','B001251',NULL,2),('IF14','B001257',NULL,5),('IF14','B001275',NULL,7),('IF14','B001300',NULL,13),('IF14','B001303',NULL,14),('IF14','C001066',NULL,4),('IF14','C001097',NULL,8),('IF14','C001103',NULL,10),('IF14','C001114',NULL,12),('IF14','C001119',NULL,15),('IF14','C001120',NULL,13),('IF14','D000624',NULL,10),('IF14','D000628',NULL,11),('IF14','E000215','Chairwoman',1),('IF14','F000468',NULL,18),('IF14','G000558',NULL,1),('IF14','G000568',NULL,4),('IF14','H001067',NULL,9),('IF14','J000302',NULL,14),('IF14','K000382',NULL,11),('IF14','K000385',NULL,12),('IF14','L000576',NULL,6),('IF14','M001163',NULL,3),('IF14','M001190',NULL,8),('IF14','R000599',NULL,9),('IF14','S001168',NULL,5),('IF14','S001180',NULL,7),('IF14','S001216',NULL,16),('IF14','T000482',NULL,17),('IF14','U000031',NULL,2),('IF14','W000800',NULL,6),('IF16','B001251',NULL,10),('IF16','B001257',NULL,5),('IF16','C001067',NULL,3),('IF16','C001097',NULL,14),('IF16','C001103',NULL,11),('IF16','C001114',NULL,13),('IF16','C001119',NULL,16),('IF16','D000482','Chairman',1),('IF16','D000615',NULL,12),('IF16','E000215',NULL,9),('IF16','F000468',NULL,17),('IF16','G000558',NULL,3),('IF16','H001067',NULL,9),('IF16','J000292',NULL,6),('IF16','K000378',NULL,4),('IF16','K000385',NULL,15),('IF16','L000566',NULL,1),('IF16','L000576',NULL,7),('IF16','M001163',NULL,11),('IF16','M001166',NULL,2),('IF16','M001190',NULL,8),('IF16','M001200',NULL,5),('IF16','O000171',NULL,7),('IF16','R000602',NULL,8),('IF16','S001176',NULL,2),('IF16','S001180',NULL,13),('IF16','S001200',NULL,6),('IF16','V000131',NULL,4),('IF16','W000798',NULL,10),('IF16','W000800',NULL,12),('IF17','A000377',NULL,9),('IF17','B001257',NULL,1),('IF17','B001275',NULL,5),('IF17','C001066',NULL,3),('IF17','C001067',NULL,6),('IF17','C001097',NULL,7),('IF17','C001119',NULL,12),('IF17','D000624',NULL,8),('IF17','D000628',NULL,6),('IF17','F000468',NULL,13),('IF17','G000558',NULL,4),('IF17','K000385',NULL,9),('IF17','L000566',NULL,3),('IF17','L000589',NULL,7),('IF17','M001166',NULL,5),('IF17','P000615',NULL,8),('IF17','R000515',NULL,2),('IF17','R000602',NULL,11),('IF17','S001145','Chair',1),('IF17','S001200',NULL,10),('IF17','T000482',NULL,4),('IF17','U000031',NULL,2),('IF18','B001300',NULL,9),('IF18','B001303',NULL,11),('IF18','C001067',NULL,5),('IF18','C001103',NULL,5),('IF18','C001114',NULL,8),('IF18','C001120',NULL,9),('IF18','D000197',NULL,2),('IF18','D000615',NULL,6),('IF18','D000624',NULL,8),('IF18','H001067',NULL,4),('IF18','J000292',NULL,2),('IF18','M001180',NULL,1),('IF18','M001190',NULL,3),('IF18','M001200',NULL,10),('IF18','O000171',NULL,13),('IF18','P000608',NULL,7),('IF18','P000609',NULL,7),('IF18','R000599',NULL,6),('IF18','S001145',NULL,3),('IF18','S001168',NULL,4),('IF18','S001200',NULL,12),('IF18','T000469','Chairman',1),('IG05','C001072','Chairman',1),('IG05','C001087',NULL,1),('IG05','C001091',NULL,3),('IG05','D000627',NULL,6),('IG05','L000585',NULL,5),('IG05','M001185',NULL,5),('IG05','Q000023',NULL,2),('IG05','S001192',NULL,3),('IG05','S001196',NULL,4),('IG05','W000800',NULL,4),('IG05','W000815',NULL,2),('IG06','C001087',NULL,2),('IG06','C001121',NULL,6),('IG06','F000466',NULL,5),('IG06','H001047',NULL,2),('IG06','K000388',NULL,4),('IG06','M001185',NULL,5),('IG06','M001190',NULL,3),('IG06','Q000023',NULL,4),('IG06','S001175',NULL,3),('IG06','W000800','Chairman',1),('IG06','W000815',NULL,1),('IG08','C000754',NULL,4),('IG08','C001121',NULL,5),('IG08','D000627',NULL,2),('IG08','F000466',NULL,4),('IG08','K000388',NULL,2),('IG08','K000391',NULL,3),('IG08','L000585',NULL,3),('IG08','S001193','Chairman',1),('IG08','T000463',NULL,1),('IG10','C000754',NULL,6),('IG10','C001072',NULL,3),('IG10','C001091',NULL,4),('IG10','H001047',NULL,2),('IG10','K000391',NULL,5),('IG10','M001190',NULL,4),('IG10','S001175','Chairwoman',1),('IG10','S001192',NULL,1),('IG10','S001196',NULL,3),('IG10','T000463',NULL,2),('II06','D000197',NULL,5),('II06','D000624',NULL,8),('II06','G000577',NULL,5),('II06','H001068',NULL,7),('II06','H001084',NULL,2),('II06','L000564',NULL,3),('II06','L000579','Chair',1),('II06','L000593',NULL,3),('II06','M001143',NULL,6),('II06','M001200',NULL,2),('II06','P000618',NULL,4),('II06','S001212',NULL,1),('II06','T000165',NULL,6),('II10','C001055',NULL,10),('II10','D000197',NULL,3),('II10','D000624',NULL,9),('II10','F000469',NULL,1),('II10','G000552',NULL,3),('II10','G000574',NULL,7),('II10','H001071',NULL,6),('II10','H001084',NULL,9),('II10','L000273',NULL,8),('II10','L000564',NULL,4),('II10','M001177',NULL,5),('II10','M001213',NULL,8),('II10','N000191','Chair',1),('II10','O000019',NULL,10),('II10','P000618',NULL,12),('II10','R000103',NULL,7),('II10','S001177',NULL,2),('II10','S001204',NULL,11),('II10','T000165',NULL,2),('II10','T000469',NULL,4),('II10','T000481',NULL,5),('II10','T000482',NULL,6),('II13','B000668',NULL,1),('II13','B000825',NULL,11),('II13','B001285',NULL,5),('II13','C001054',NULL,2),('II13','C001055',NULL,7),('II13','C001059',NULL,3),('II13','C001068',NULL,9),('II13','D000624',NULL,6),('II13','F000469',NULL,10),('II13','G000551',NULL,11),('II13','G000577',NULL,6),('II13','G000582',NULL,9),('II13','H001068','Chair',1),('II13','L000579',NULL,8),('II13','L000593',NULL,4),('II13','M001177',NULL,5),('II13','N000179',NULL,2),('II13','R000600',NULL,7),('II13','S001200',NULL,10),('II13','S001218',NULL,13),('II13','V000081',NULL,12),('II13','W000804',NULL,4),('II13','W000806',NULL,8),('II13','Y000033',NULL,3),('II15','C001068',NULL,4),('II15','G000552',NULL,3),('II15','G000586',NULL,3),('II15','H001068',NULL,5),('II15','H001071',NULL,4),('II15','M001213',NULL,2),('II15','P000618','Chair',1),('II15','V000081',NULL,2),('II24','B000668',NULL,7),('II24','B000825',NULL,6),('II24','C001054',NULL,4),('II24','C001055',NULL,6),('II24','G000574',NULL,2),('II24','G000586',NULL,7),('II24','L000273','Chair',1),('II24','M001143',NULL,4),('II24','O000019',NULL,2),('II24','R000103',NULL,5),('II24','R000600',NULL,3),('II24','S001200',NULL,3),('II24','S001204',NULL,5),('II24','S001218',NULL,8),('II24','Y000033',NULL,1),('JU01','B001297',NULL,2),('JU01','B001302',NULL,3),('JU01','C001110',NULL,3),('JU01','E000299',NULL,5),('JU01','G000587',NULL,4),('JU01','J000032',NULL,6),('JU01','J000298',NULL,2),('JU01','L000397','Chair',1),('JU01','M001177',NULL,1),('JU01','N000191',NULL,7),('JU01','R000614',NULL,5),('JU01','S000929',NULL,6),('JU01','S001205',NULL,8),('JU01','T000165',NULL,4),('JU03','B000668',NULL,11),('JU03','B001270',NULL,8),('JU03','B001311',NULL,8),('JU03','C000266',NULL,2),('JU03','C001068',NULL,7),('JU03','D000610',NULL,2),('JU03','F000470',NULL,9),('JU03','F000471',NULL,10),('JU03','G000552',NULL,3),('JU03','G000578',NULL,4),('JU03','I000056',NULL,1),('JU03','J000288','Chair',1),('JU03','J000294',NULL,3),('JU03','J000299',NULL,5),('JU03','J000306',NULL,10),('JU03','L000397',NULL,6),('JU03','L000582',NULL,4),('JU03','M001184',NULL,7),('JU03','N000191',NULL,12),('JU03','R000305',NULL,11),('JU03','S001193',NULL,9),('JU03','S001211',NULL,5),('JU03','T000165',NULL,6),('JU05','B000668',NULL,10),('JU05','B001297',NULL,1),('JU05','B001311',NULL,6),('JU05','C001084','Chair',1),('JU05','D000610',NULL,5),('JU05','D000627',NULL,9),('JU05','D000631',NULL,12),('JU05','F000470',NULL,7),('JU05','F000471',NULL,9),('JU05','G000578',NULL,3),('JU05','I000056',NULL,2),('JU05','J000288',NULL,13),('JU05','J000294',NULL,6),('JU05','J000298',NULL,8),('JU05','J000299',NULL,4),('JU05','J000306',NULL,4),('JU05','M001208',NULL,11),('JU05','N000191',NULL,2),('JU05','O000086',NULL,11),('JU05','R000606',NULL,7),('JU05','S000929',NULL,8),('JU05','S001193',NULL,3),('JU05','S001205',NULL,10),('JU05','S001214',NULL,5),('JU08','B001224',NULL,7),('JU08','B001270',NULL,2),('JU08','B001302',NULL,1),('JU08','C000266',NULL,2),('JU08','C001068',NULL,12),('JU08','C001084',NULL,8),('JU08','C001110',NULL,10),('JU08','D000627',NULL,3),('JU08','D000631',NULL,5),('JU08','E000299',NULL,11),('JU08','F000471',NULL,8),('JU08','G000552',NULL,3),('JU08','J000032','Chair',1),('JU08','L000582',NULL,9),('JU08','M001184',NULL,6),('JU08','M001208',NULL,4),('JU08','O000086',NULL,9),('JU08','S000929',NULL,7),('JU08','S001205',NULL,6),('JU08','S001214',NULL,4),('JU08','T000165',NULL,5),('JU10','B001224',NULL,6),('JU10','C001068','Chair',1),('JU10','F000470',NULL,4),('JU10','G000587',NULL,5),('JU10','J000032',NULL,7),('JU10','J000288',NULL,4),('JU10','J000299',NULL,1),('JU10','M001177',NULL,2),('JU10','O000086',NULL,5),('JU10','R000305',NULL,3),('JU10','R000606',NULL,2),('JU10','R000614',NULL,3),('PW02','B001291',NULL,4),('PW02','B001295',NULL,6),('PW02','B001312','Vice Chair',9),('PW02','C001068',NULL,14),('PW02','C001112',NULL,11),('PW02','D000191','Ex Officio',15),('PW02','D000630',NULL,7),('PW02','G000546','Ex Officio',13),('PW02','G000559',NULL,4),('PW02','G000577',NULL,5),('PW02','G000582',NULL,11),('PW02','H001068',NULL,2),('PW02','J000126',NULL,3),('PW02','K000386',NULL,3),('PW02','L000578',NULL,8),('PW02','L000579',NULL,5),('PW02','M000194',NULL,12),('PW02','M001199',NULL,10),('PW02','M001203',NULL,6),('PW02','N000147',NULL,13),('PW02','N000179','Chair',1),('PW02','P000614',NULL,8),('PW02','R000603',NULL,1),('PW02','S001211',NULL,12),('PW02','W000806',NULL,2),('PW02','W000808',NULL,10),('PW02','W000814',NULL,7),('PW02','W000821',NULL,9),('PW05','A000376',NULL,16),('PW05','B001285',NULL,10),('PW05','B001304',NULL,14),('PW05','B001306',NULL,9),('PW05','B001309',NULL,11),('PW05','C001068',NULL,2),('PW05','C001072',NULL,3),('PW05','D000191','Ex Officio',21),('PW05','D000623',NULL,12),('PW05','D000629',NULL,4),('PW05','F000466',NULL,8),('PW05','G000546','Ex Officio',18),('PW05','G000559',NULL,20),('PW05','G000577',NULL,1),('PW05','G000579',NULL,7),('PW05','G000593',NULL,16),('PW05','J000126',NULL,19),('PW05','J000288',NULL,7),('PW05','K000386',NULL,5),('PW05','K000396',NULL,5),('PW05','L000560','Chair',1),('PW05','L000562',NULL,13),('PW05','L000588','Vice Chair',17),('PW05','M000194',NULL,14),('PW05','M001184',NULL,3),('PW05','M001185',NULL,9),('PW05','M001199',NULL,6),('PW05','N000026',NULL,13),('PW05','N000147',NULL,18),('PW05','P000604',NULL,11),('PW05','P000605',NULL,4),('PW05','S001135',NULL,17),('PW05','S001211',NULL,15),('PW05','S001212',NULL,10),('PW05','T000468',NULL,8),('PW05','V000133',NULL,12),('PW05','V000134',NULL,15),('PW05','W000788',NULL,6),('PW05','Y000033',NULL,2),('PW07','A000148','Vice Chair',3),('PW07','B001304',NULL,6),('PW07','C001112','Chair',1),('PW07','D000191','Ex Officio',8),('PW07','G000546','Ex Officio',7),('PW07','G000563',NULL,1),('PW07','G000579',NULL,4),('PW07','L000560',NULL,2),('PW07','L000579',NULL,5),('PW07','M000317',NULL,6),('PW07','M001185',NULL,4),('PW07','P000614',NULL,7),('PW07','V000133',NULL,5),('PW07','W000814',NULL,3),('PW07','Y000033',NULL,2),('PW12','A000148',NULL,19),('PW12','A000376',NULL,14),('PW12','B001285',NULL,7),('PW12','B001291',NULL,8),('PW12','B001295',NULL,10),('PW12','B001304',NULL,12),('PW12','B001306',NULL,16),('PW12','B001309',NULL,18),('PW12','B001312',NULL,20),('PW12','C001068',NULL,30),('PW12','C001087',NULL,3),('PW12','C001112',NULL,24),('PW12','D000191','Ex Officio',31),('PW12','D000619',NULL,1),('PW12','D000623',NULL,10),('PW12','D000629',NULL,25),('PW12','D000630',NULL,16),('PW12','F000466',NULL,14),('PW12','G000546','Ex Officio',27),('PW12','G000559',NULL,4),('PW12','G000563',NULL,4),('PW12','G000579',NULL,13),('PW12','G000582',NULL,15),('PW12','G000586',NULL,15),('PW12','G000591',NULL,20),('PW12','G000593',NULL,25),('PW12','H001068',NULL,23),('PW12','J000126',NULL,2),('PW12','J000288',NULL,5),('PW12','J000301',NULL,19),('PW12','K000386',NULL,7),('PW12','K000396',NULL,27),('PW12','L000562',NULL,11),('PW12','L000578',NULL,11),('PW12','L000579',NULL,9),('PW12','L000588',NULL,18),('PW12','M000194',NULL,22),('PW12','M000317',NULL,23),('PW12','M001184',NULL,5),('PW12','M001185',NULL,6),('PW12','M001196',NULL,26),('PW12','N000026',NULL,21),('PW12','N000147','Chair',1),('PW12','N000179',NULL,22),('PW12','N000192',NULL,29),('PW12','P000605',NULL,6),('PW12','P000614',NULL,17),('PW12','R000603',NULL,9),('PW12','S001135',NULL,26),('PW12','S001159',NULL,21),('PW12','S001165',NULL,3),('PW12','S001211','Vice Chair',13),('PW12','S001212',NULL,17),('PW12','V000134',NULL,24),('PW12','W000788',NULL,28),('PW12','W000808',NULL,8),('PW12','W000821',NULL,12),('PW12','Y000033',NULL,2),('PW13','C001125',NULL,7),('PW13','D000191','Ex Officio',8),('PW13','D000629',NULL,3),('PW13','G000546','Ex Officio',7),('PW13','G000559',NULL,6),('PW13','G000582',NULL,3),('PW13','G000591',NULL,4),('PW13','G000593',NULL,6),('PW13','M001184',NULL,2),('PW13','N000147',NULL,2),('PW13','N000179',NULL,5),('PW13','P000614','Vice Chair',4),('PW13','T000468','Chair',1),('PW13','V000134',NULL,5),('PW13','W000806',NULL,1),('PW14','A000148',NULL,16),('PW14','B001295',NULL,4),('PW14','B001306',NULL,9),('PW14','B001309',NULL,11),('PW14','C001068',NULL,5),('PW14','C001072',NULL,7),('PW14','C001087',NULL,1),('PW14','C001125',NULL,17),('PW14','D000191','Ex Officio',18),('PW14','D000619',NULL,3),('PW14','F000466',NULL,8),('PW14','G000546','Ex Officio',15),('PW14','G000586',NULL,9),('PW14','H001068',NULL,14),('PW14','J000288',NULL,12),('PW14','J000301',NULL,12),('PW14','L000562',NULL,15),('PW14','L000578',NULL,6),('PW14','M001196',NULL,3),('PW14','M001203',NULL,2),('PW14','N000026',NULL,13),('PW14','N000179',NULL,11),('PW14','N000192',NULL,4),('PW14','P000604','Chair',1),('PW14','P000605',NULL,2),('PW14','S001135',NULL,14),('PW14','S001159','Vice Chair',10),('PW14','S001165',NULL,6),('PW14','S001212',NULL,10),('PW14','T000468',NULL,13),('PW14','W000808',NULL,8),('PW14','W000814',NULL,5),('PW14','W000821',NULL,7),('RU02','B001248',NULL,1),('RU02','C001053',NULL,2),('RU02','M000312',NULL,5),('RU02','M001206','Chair',1),('RU02','N000191',NULL,4),('RU02','R000305',NULL,3),('RU02','S001205',NULL,2),('RU04','C001053',NULL,2),('RU04','M000312',NULL,5),('RU04','N000191',NULL,4),('RU04','P000593','Vice Chair',2),('RU04','R000610',NULL,1),('RU04','S001205',NULL,3),('RU04','T000474','Chair',1),('RU05','C001053',NULL,2),('RU05','D000623',NULL,4),('RU05','F000470',NULL,1),('RU05','M000312',NULL,5),('RU05','R000305','Vice Chair',2),('RU05','R000606','Chair',1),('RU05','T000474',NULL,3),('SM23','C001125',NULL,5),('SM23','F000471',NULL,5),('SM23','G000592',NULL,2),('SM23','H001088',NULL,2),('SM23','K000394',NULL,3),('SM23','M000687','Chair',1),('SM23','M001204',NULL,4),('SM23','N000192',NULL,4),('SM23','S000168',NULL,1),('SM23','S001212',NULL,3),('SM24','C001080',NULL,4),('SM24','C001119',NULL,2),('SM24','D000032',NULL,4),('SM24','D000629',NULL,6),('SM24','E000296',NULL,5),('SM24','F000471',NULL,5),('SM24','H001088',NULL,2),('SM24','M000687',NULL,3),('SM24','M001204',NULL,3),('SM24','P000616','Chair',1),('SM24','V000134',NULL,1),('SM25','C001125',NULL,3),('SM25','D000630',NULL,2),('SM25','G000592','Chair',1),('SM25','H001088',NULL,1),('SM25','S000168',NULL,5),('SM25','S001212',NULL,3),('SM25','T000478',NULL,4),('SM25','W000816',NULL,2),('SM26','B001312',NULL,2),('SM26','C001121','Chair',1),('SM26','D000629',NULL,4),('SM26','G000597',NULL,4),('SM26','H001085',NULL,3),('SM26','K000397',NULL,1),('SM26','N000192',NULL,6),('SM26','P000616',NULL,5),('SM26','S000168',NULL,5),('SM26','T000478',NULL,3),('SM26','W000816',NULL,2),('SM27','B001312',NULL,6),('SM27','C001080',NULL,3),('SM27','D000032',NULL,5),('SM27','D000629','Chair',1),('SM27','E000296',NULL,4),('SM27','G000597',NULL,2),('SM27','K000394',NULL,5),('SM27','K000397',NULL,3),('SM27','M001204',NULL,1),('SM27','N000192',NULL,2),('SM27','V000134',NULL,4),('SY15','B001307',NULL,3),('SY15','F000454',NULL,6),('SY15','G000588',NULL,2),('SY15','L000266',NULL,4),('SY15','L000588',NULL,7),('SY15','M001160',NULL,4),('SY15','M001186',NULL,5),('SY15','R000305',NULL,8),('SY15','S001215','Chairwoman',1),('SY15','S001218',NULL,2),('SY15','T000469',NULL,3),('SY15','W000823',NULL,1),('SY15','W000826',NULL,5),('SY16','B001274',NULL,2),('SY16','B001287',NULL,3),('SY16','B001291',NULL,1),('SY16','B001292','Chairman',1),('SY16','C001111',NULL,6),('SY16','K000397',NULL,5),('SY16','L000397',NULL,2),('SY16','N000188',NULL,7),('SY16','P000593',NULL,5),('SY16','P000599',NULL,3),('SY16','S000344',NULL,4),('SY16','W000806',NULL,4),('SY18','B000740',NULL,1),('SY18','B001278',NULL,2),('SY18','C001111',NULL,5),('SY18','C001117',NULL,6),('SY18','F000446',NULL,3),('SY18','F000468',NULL,4),('SY18','G000588',NULL,2),('SY18','G000593',NULL,4),('SY18','K000380',NULL,3),('SY18','S001207','Chairwoman',1),('SY20','B001223','Chairman',1),('SY20','B001278',NULL,2),('SY20','B001307',NULL,2),('SY20','C001117',NULL,7),('SY20','F000446',NULL,4),('SY20','G000061',NULL,3),('SY20','G000593',NULL,5),('SY20','L000588',NULL,8),('SY20','M001166',NULL,5),('SY20','M001186',NULL,6),('SY20','N000188',NULL,6),('SY20','R000305',NULL,9),('SY20','S001215',NULL,3),('SY20','S001218',NULL,4),('SY20','W000814',NULL,1),('SY21','B000740',NULL,2),('SY21','B001287',NULL,3),('SY21','C001117',NULL,5),('SY21','F000454','Chairman',1),('SY21','M001160',NULL,4),('SY21','O000019',NULL,1),('SY21','P000593',NULL,2),('VR03','A000376',NULL,7),('VR03','B001285','Chairwoman',1),('VR03','B001301',NULL,1),('VR03','F000462',NULL,8),('VR03','L000588',NULL,2),('VR03','L000593',NULL,3),('VR03','M001210',NULL,4),('VR03','M001214',NULL,4),('VR03','M001215',NULL,6),('VR03','R000103',NULL,5),('VR03','R000600',NULL,2),('VR03','R000614',NULL,3),('VR03','S001177',NULL,5),('VR03','U000040',NULL,6),('VR08','B001301',NULL,3),('VR08','L000588',NULL,2),('VR08','L000591',NULL,3),('VR08','M000871',NULL,1),('VR08','P000614','Chairman',1),('VR08','R000600',NULL,2),('VR08','U000040',NULL,4),('VR09','E000071',NULL,4),('VR09','K000009',NULL,4),('VR09','L000591','Chair',1),('VR09','M001212',NULL,2),('VR09','M001215',NULL,3),('VR09','N000026',NULL,1),('VR09','R000599',NULL,5),('VR09','S001208',NULL,2),('VR09','T000483',NULL,3),('VR10','B001304',NULL,3),('VR10','C001104',NULL,4),('VR10','G000574',NULL,5),('VR10','L000593','Chairman',1),('VR10','M000194',NULL,3),('VR10','M000871',NULL,2),('VR10','M001212',NULL,1),('VR10','P000614',NULL,2),('VR10','T000483',NULL,4),('VR11','B001299',NULL,2),('VR11','B001304',NULL,3),('VR11','M001214','Chairman',1),('VR11','R000103',NULL,1),('VR11','T000472',NULL,2),('WM01','A000375',NULL,3),('WM01','B000574',NULL,6),('WM01','E000298',NULL,4),('WM01','H001038',NULL,4),('WM01','H001066',NULL,5),('WM01','H001082',NULL,5),('WM01','L000557','Chairman',1),('WM01','M001160',NULL,8),('WM01','P000096',NULL,2),('WM01','R000585',NULL,1),('WM01','R000597',NULL,2),('WM01','S001156',NULL,3),('WM01','S001185',NULL,7),('WM02','B000574',NULL,4),('WM02','B001260',NULL,2),('WM02','C001080',NULL,7),('WM02','D000399','Chairman',1),('WM02','E000296',NULL,8),('WM02','G000585',NULL,10),('WM02','H001038',NULL,5),('WM02','H001066',NULL,11),('WM02','K000188',NULL,3),('WM02','K000376',NULL,5),('WM02','N000181',NULL,1),('WM02','R000585',NULL,4),('WM02','S001172',NULL,3),('WM02','S001183',NULL,7),('WM02','S001185',NULL,6),('WM02','S001190',NULL,9),('WM02','S001195',NULL,6),('WM02','T000460',NULL,2),('WM02','W000815',NULL,8),('WM03','C001080',NULL,2),('WM03','D000096','Chairman',1),('WM03','E000296',NULL,4),('WM03','G000585',NULL,6),('WM03','H001082',NULL,4),('WM03','K000380',NULL,7),('WM03','M001160',NULL,3),('WM03','M001202',NULL,5),('WM03','M001205',NULL,5),('WM03','P000613',NULL,8),('WM03','S001199',NULL,3),('WM03','W000813',NULL,1),('WM03','W000815',NULL,2),('WM04','A000375',NULL,5),('WM04','B000574','Chairman',1),('WM04','B001260',NULL,1),('WM04','B001292',NULL,9),('WM04','B001296',NULL,11),('WM04','D000096',NULL,3),('WM04','D000617',NULL,8),('WM04','E000298',NULL,7),('WM04','F000465',NULL,6),('WM04','H001038',NULL,4),('WM04','K000188',NULL,2),('WM04','K000380',NULL,5),('WM04','L000585',NULL,4),('WM04','M001202',NULL,7),('WM04','M001205',NULL,8),('WM04','N000181',NULL,2),('WM04','P000613',NULL,6),('WM04','R000597',NULL,3),('WM04','S001156',NULL,10),('WM05','A000375',NULL,5),('WM05','B001292',NULL,8),('WM05','B001296',NULL,7),('WM05','D000399',NULL,2),('WM05','D000617',NULL,5),('WM05','E000298',NULL,8),('WM05','F000465',NULL,6),('WM05','H001082',NULL,7),('WM05','L000557',NULL,3),('WM05','L000585',NULL,4),('WM05','M001160',NULL,6),('WM05','P000610',NULL,10),('WM05','R000597',NULL,2),('WM05','S001156',NULL,4),('WM05','S001172',NULL,1),('WM05','S001183',NULL,3),('WM05','S001185',NULL,11),('WM05','S001201',NULL,9),('WM05','T000460','Chairman',1),('WM06','C001080',NULL,3),('WM06','D000399',NULL,6),('WM06','E000296',NULL,7),('WM06','F000465',NULL,4),('WM06','H001066',NULL,8),('WM06','K000376',NULL,1),('WM06','P000096','Chairman',1),('WM06','P000610',NULL,5),('WM06','S001190',NULL,4),('WM06','S001199',NULL,5),('WM06','S001201',NULL,2),('WM06','W000813',NULL,2),('WM06','W000815',NULL,3);
/*!40000 ALTER TABLE `member_subcommittee` ENABLE KEYS */;
UNLOCK TABLES;

--
-- Table structure for table `subcommittee`
--

DROP TABLE IF EXISTS `subcommittee`;
/*!40101 SET @saved_cs_client     = @@character_set_client */;
/*!40101 SET character_set_client = utf8 */;
CREATE TABLE `subcommittee` (
  `subcomcode` varchar(100) NOT NULL,
  `comcode` varchar(100) DEFAULT NULL,
  `subcommittee_fullname` varchar(25) DEFAULT NULL,
  `subcom_room` varchar(25) DEFAULT NULL,
  `subcom_zip` varchar(25) DEFAULT NULL,
  `subcom_zip_suffix` varchar(25) DEFAULT NULL,
  `subcom_building_code` varchar(25) DEFAULT NULL,
  `subcom_phone` varchar(25) DEFAULT NULL,
  `majority` varchar(25) DEFAULT NULL,
  `minority` varchar(25) DEFAULT NULL,
  PRIMARY KEY (`subcomcode`),
  KEY `comcode` (`comcode`),
  CONSTRAINT `subcommittee_ibfk_1` FOREIGN KEY (`comcode`) REFERENCES `committee` (`comcode`)
) ENGINE=InnoDB DEFAULT CHARSET=latin1;
/*!40101 SET character_set_client = @saved_cs_client */;

--
-- Dumping data for table `subcommittee`
--

LOCK TABLES `subcommittee` WRITE;
/*!40000 ALTER TABLE `subcommittee` DISABLE KEYS */;
INSERT INTO `subcommittee` VALUES ('AG03','AG00',NULL,'1301','20515','0','LHOB','225-2171','10','9'),('AG14','AG00',NULL,'1301','20515','0','LHOB','225-2171','11','10'),('AG15','AG00',NULL,'1301','20515','0','LHOB','225-2171','8','7'),('AG16','AG00',NULL,'1301','20515','0','LHOB','225-2171','7','6'),('AG22','AG00',NULL,'1301','20515','0','LHOB','225-2171','10','9'),('AG29','AG00',NULL,'1301','20515','0','LHOB','225-2171','12','11'),('AP01','AP00',NULL,'2362A','20515','0','RHOB','225-2638','9','6'),('AP02','AP00',NULL,'H405','20515','0','C','225-2847','10','7'),('AP04','AP00',NULL,'HT2','20515','0','C','225-2041','7','4'),('AP06','AP00',NULL,'2007','20515','0','RHOB','225-3081','7','4'),('AP07','AP00',NULL,'2358B','20515','0','RHOB','225-3508','10','6'),('AP10','AP00',NULL,'2362B','20515','0','RHOB','225-3421','9','6'),('AP15','AP00',NULL,'2006','20515','0','RHOB','225-5834','7','4'),('AP18','AP00',NULL,'HT2','20515','0','C','225-3047','7','4'),('AP19','AP00',NULL,'H310','20515','0','C','225-3351','7','4'),('AP20','AP00',NULL,'2358A','20515','0','RHOB','225-2141','9','6'),('AP23','AP00',NULL,'2000','20515','0','RHOB','225-7245','7','4'),('AP24','AP00',NULL,'H306','20515','0','C','226-7252','5','3'),('AS02','AS00',NULL,'2340','20515','0','RHOB','225-7560','7','6'),('AS03','AS00',NULL,'2340','20515','0','RHOB','226-8979','9','8'),('AS25','AS00',NULL,'2340','20515','0','RHOB','226-2843','9','8'),('AS26','AS00',NULL,'2340','20515','0','RHOB','225-1967','8','7'),('AS28','AS00',NULL,'2340','20515','0','RHOB','226-8979','9','8'),('AS29','AS00',NULL,'2340','20515','0','RHOB','225-1967','9','8'),('AS35','AS00',NULL,'2340','20515','0','RHOB','226-2843','11','9'),('BA01','BA00',NULL,'2129','20515','0','RHOB','225-4247','9','8'),('BA04','BA00',NULL,'2129','20515','0','RHOB','225-4247','11','9'),('BA09','BA00',NULL,'2129','20515','0','RHOB','225-4247','7','5'),('BA13','BA00',NULL,'2129','20515','0','RHOB','225-4247','8','7'),('BA15','BA00',NULL,'2129','20515','0','RHOB','225-4247','13','10'),('BA16','BA00',NULL,'2129','20515','0','RHOB','225-4247','13','10'),('ED02','ED00',NULL,'2176','20515','0','RHOB','225-3725','9','7'),('ED07','ED00',NULL,'2176','20515','0','RHOB','225-3725','7','5'),('ED10','ED00',NULL,'2176','20515','0','RHOB','225-3725','9','7'),('ED13','ED00',NULL,'2176','20515','0','RHOB','225-3725','15','12'),('ED14','ED00',NULL,'2176','20515','0','RHOB','225-3725','12','9'),('FA05','FA00',NULL,'2170','20515','0','RHOB','226-6434','10','8'),('FA07','FA00',NULL,'2170','20515','0','RHOB','225-3345','5','3'),('FA13','FA00',NULL,'2170','20515','0','RHOB','226-7812','11','9'),('FA14','FA00',NULL,'2170','20515','0','RHOB','225-5021','11','9'),('FA16','FA00',NULL,'2170','20515','0','RHOB','226-1500','8','6'),('FA17','FA00',NULL,'2170','20515','0','RHOB','225-5021','6','4'),('GO02','GO00',NULL,'6440','20515','0','OHOB','225-5051','9','7'),('GO05','GO00',NULL,'6430','20515','0','OHOB','225-5051','7','5'),('GO06','GO00',NULL,'6470','20515','0','OHOB','225-5051','7','5'),('GO24','GO00',NULL,'6460','20515','0','OHOB','225-5051','9','7'),('GO28','GO00',NULL,'6440','20515','0','OHOB','225-5051','7','5'),('HA08','HA00',NULL,'1309','20515','0','LHOB','225-2061','3','1'),('HM05','HM00',NULL,'176','20515','0','FHOB','226-2616','7','6'),('HM07','HM00',NULL,'176','20515','0','FHOB','226-2616','6','5'),('HM08','HM00',NULL,'176','20515','0','FHOB','226-2616','7','6'),('HM09','HM00',NULL,'176','20515','0','FHOB','226-2616','5','4'),('HM11','HM00',NULL,'176','20515','0','FHOB','226-2616','6','5'),('HM12','HM00',NULL,'176','20515','0','FHOB','226-2616','6','5'),('IF02','IF00',NULL,'2125','20515','0','RHOB','225-2927','10','7'),('IF03','IF00',NULL,'2125','20515','0','RHOB','225-2927','18','14'),('IF14','IF00',NULL,'2125','20515','0','RHOB','225-2927','18','14'),('IF16','IF00',NULL,'2125','20515','0','RHOB','225-2927','17','13'),('IF17','IF00',NULL,'2125','20515','0','RHOB','225-2927','13','9'),('IF18','IF00',NULL,'2125','20515','0','RHOB','225-2927','13','9'),('IG05','IG00',NULL,'HVC304','20515','0','C','225-7690','6','5'),('IG06','IG00',NULL,'HVC304','20515','0','C','225-7690','6','5'),('IG08','IG00',NULL,'HVC304','20515','0','C','225-7690','5','4'),('IG10','IG00',NULL,'HVC304','20515','0','C','225-7690','6','4'),('II06','II00',NULL,'1522','20515','0','LHOB','225-6065','8','6'),('II10','II00',NULL,'1328','20515','0','LHOB','225-6065','12','10'),('II13','II00',NULL,'1332','20515','0','LHOB','225-6065','13','11'),('II15','II00',NULL,'186','20515','0','FHOB','225-6065','5','4'),('II24','II00',NULL,'1331','20515','0','LHOB','225-6065','8','7'),('JU01','JU00',NULL,'6320','20515','0','OHOB','225-3926','8','6'),('JU03','JU00',NULL,'6310','20515','0','OHOB','225-5741','12','11'),('JU05','JU00',NULL,'6240','20515','0','OHOB','226-7680','13','11'),('JU08','JU00',NULL,'6340','20515','0','OHOB','225-5727','12','9'),('JU10','JU00',NULL,'6220','20515','0','OHOB','225-3951','7','5'),('PW02','PW00',NULL,'2165','20515','0','RHOB','225-4472','15','13'),('PW05','PW00',NULL,'2165','20515','0','RHOB','225-4472','21','18'),('PW07','PW00',NULL,'2165','20515','0','RHOB','225-4472','8','7'),('PW12','PW00',NULL,'2165','20515','0','RHOB','225-4472','31','27'),('PW13','PW00',NULL,'2165','20515','0','RHOB','225-4472','8','7'),('PW14','PW00',NULL,'2165','20515','0','RHOB','225-4472','18','15'),('RU02','RU00',NULL,'H312','20515','0','C','225-9091','5','2'),('RU04','RU00',NULL,'H312','20515','0','C','225-9091','5','2'),('RU05','RU00',NULL,'H312','20515','0','C','225-9091','5','2'),('SM23','SM00',NULL,'2361','20515','0','RHOB','225-4038','6','5'),('SM24','SM00',NULL,'2361','20515','0','RHOB','225-4038','6','5'),('SM25','SM00',NULL,'2361','20515','0','RHOB','225-4038','6','5'),('SM26','SM00',NULL,'2361','20515','0','RHOB','225-4038','6','5'),('SM27','SM00',NULL,'2361','20515','0','RHOB','225-4038','6','5'),('SY15','SY00',NULL,'2321','20515','0','RHOB','225-6375','8','6'),('SY16','SY00',NULL,'2321','20515','0','RHOB','225-6375','7','5'),('SY18','SY00',NULL,'2321','20515','0','RHOB','225-6375','6','4'),('SY20','SY00',NULL,'2321','20515','0','RHOB','225-6375','9','6'),('SY21','SY00',NULL,'2321','20515','0','RHOB','225-6375','5','3'),('VR03','VR00',NULL,'364','20515','0','CHOB','225-9756','8','6'),('VR08','VR00',NULL,'364','20515','0','CHOB','225-9756','4','3'),('VR09','VR00',NULL,'364','20515','0','CHOB','225-9756','5','4'),('VR10','VR00',NULL,'364','20515','0','CHOB','225-9756','5','4'),('VR11','VR00',NULL,'364','20515','0','CHOB','225-9756','3','2'),('WM01','WM00',NULL,'2018','20515','0','RHOB','225-9263','8','5'),('WM02','WM00',NULL,'1036A','20515','0','LHOB','225-3943','11','8'),('WM03','WM00',NULL,'1129','20515','0','LHOB','225-9263','8','5'),('WM04','WM00',NULL,'1103','20515','0','LHOB','225-6649','11','8'),('WM05','WM00',NULL,'1136','20515','0','LHOB','225-5522','11','8'),('WM06','WM00',NULL,'2018','20515','0','RHOB','225-3625','8','5');
/*!40000 ALTER TABLE `subcommittee` ENABLE KEYS */;
UNLOCK TABLES;
/*!40103 SET TIME_ZONE=@OLD_TIME_ZONE */;

/*!40101 SET SQL_MODE=@OLD_SQL_MODE */;
/*!40014 SET FOREIGN_KEY_CHECKS=@OLD_FOREIGN_KEY_CHECKS */;
/*!40014 SET UNIQUE_CHECKS=@OLD_UNIQUE_CHECKS */;
/*!40101 SET CHARACTER_SET_CLIENT=@OLD_CHARACTER_SET_CLIENT */;
/*!40101 SET CHARACTER_SET_RESULTS=@OLD_CHARACTER_SET_RESULTS */;
/*!40101 SET COLLATION_CONNECTION=@OLD_COLLATION_CONNECTION */;
/*!40111 SET SQL_NOTES=@OLD_SQL_NOTES */;

-- Dump completed on 2021-12-28 23:25:55
